-- phpMyAdmin SQL Dump
-- version 5.0.4
-- https://www.phpmyadmin.net/
--
-- Host: 127.0.0.1
-- Generation Time: Mar 10, 2021 at 03:26 PM
-- Server version: 10.4.17-MariaDB
-- PHP Version: 7.4.15

SET SQL_MODE = "NO_AUTO_VALUE_ON_ZERO";
START TRANSACTION;
SET time_zone = "+00:00";


/*!40101 SET @OLD_CHARACTER_SET_CLIENT=@@CHARACTER_SET_CLIENT */;
/*!40101 SET @OLD_CHARACTER_SET_RESULTS=@@CHARACTER_SET_RESULTS */;
/*!40101 SET @OLD_COLLATION_CONNECTION=@@COLLATION_CONNECTION */;
/*!40101 SET NAMES utf8mb4 */;

--
-- Database: `potty`
--

-- --------------------------------------------------------

--
-- Table structure for table `access_data`
--

CREATE TABLE `access_data` (
  `user_email` varchar(30) NOT NULL,
  `camera_access` varchar(3) NOT NULL,
  `storage_access` varchar(3) NOT NULL,
  `mic_access` varchar(3) NOT NULL,
  `phone_access` varchar(3) NOT NULL,
  `location_access` varchar(3) NOT NULL
) ENGINE=InnoDB DEFAULT CHARSET=utf8mb4;

--
-- Dumping data for table `access_data`
--

INSERT INTO `access_data` (`user_email`, `camera_access`, `storage_access`, `mic_access`, `phone_access`, `location_access`) VALUES
('apennetti1j@google.es', 'no', 'yes', 'yes', 'no', 'yes'),
('apex@1920.com', 'yes', 'no', 'yes', 'no', 'yes'),
('bcarlin1c@globo.com', 'yes', 'no', 'yes', 'no', 'yes'),
('bhayllerp@dell.com', 'no', 'yes', 'yes', 'yes', 'no'),
('brohlfy@sciencedaily.com', 'no', 'yes', 'yes', 'no', 'yes'),
('bwillan14@wisc.edu', 'no', 'yes', 'yes', 'no', 'yes'),
('ccammell2@csmonitor.com', 'yes', 'yes', 'yes', 'no', 'yes'),
('ccrustk@yellowpages.com', 'yes', 'yes', 'yes', 'yes', 'no'),
('cmaxfield8@un.org', 'no', 'yes', 'no', 'yes', 'no'),
('cmountford0@irs.gov', 'no', 'no', 'no', 'no', 'yes'),
('cticksallw@123-reg.co.uk', 'no', 'no', 'no', 'yes', 'yes'),
('dblumfield16@freewebs.com', 'no', 'yes', 'yes', 'no', 'no'),
('dclewleyf@jugem.jp', 'no', 'yes', 'no', 'no', 'no'),
('dpocknollr@parallels.com', 'no', 'yes', 'no', 'no', 'no'),
('dsommerland9@reddit.com', 'yes', 'yes', 'no', 'no', 'yes'),
('ebaudouin19@smugmug.com', 'yes', 'yes', 'no', 'no', 'no'),
('efurlow17@bing.com', 'yes', 'yes', 'yes', 'no', 'yes'),
('egarbar15@ifeng.com', 'no', 'no', 'no', 'no', 'yes'),
('fmiebesx@twitter.com', 'no', 'no', 'no', 'no', 'yes'),
('fpasseyu@ihg.com', 'yes', 'no', 'yes', 'no', 'no'),
('froscam1i@accuweather.com', 'no', 'no', 'no', 'yes', 'no'),
('gdecourcy5@trellian.com', 'yes', 'yes', 'no', 'yes', 'yes'),
('ghattonz@tuttocitta.it', 'yes', 'no', 'yes', 'no', 'yes'),
('grobelowl@purevolume.com', 'no', 'yes', 'yes', 'no', 'yes'),
('hechalliero@si.edu', 'no', 'yes', 'yes', 'yes', 'yes'),
('idomelaw11@miitbeian.gov.cn', 'yes', 'no', 'yes', 'yes', 'yes'),
('isleithj@people.com.cn', 'no', 'yes', 'no', 'yes', 'yes'),
('jchasney1@1688.com', 'yes', 'no', 'yes', 'yes', 'no'),
('jsherrard12@indiatimes.com', 'yes', 'no', 'yes', 'yes', 'yes'),
('kcasariliq@taobao.com', 'no', 'no', 'no', 'yes', 'no'),
('kclaybornh@seattletimes.com', 'no', 'no', 'no', 'no', 'no'),
('ktobyg@baidu.com', 'yes', 'yes', 'no', 'yes', 'no'),
('lgullicke@ucoz.com', 'no', 'no', 'yes', 'yes', 'yes'),
('lneillans1d@mac.com', 'yes', 'yes', 'no', 'yes', 'no'),
('lsiss3@wikipedia.org', 'yes', 'yes', 'no', 'yes', 'no'),
('mcalam18@telegraph.co.uk', 'yes', 'yes', 'yes', 'no', 'no'),
('mlimbricks@imdb.com', 'no', 'yes', 'no', 'yes', 'yes'),
('mmacadien@bloglines.com', 'yes', 'no', 'no', 'yes', 'no'),
('mmazin7@discovery.com', 'no', 'no', 'yes', 'no', 'no'),
('mmcmillam1g@wordpress.com', 'no', 'no', 'yes', 'no', 'no'),
('mmeldingv@wunderground.com', 'yes', 'yes', 'yes', 'yes', 'no'),
('mstaves1h@linkedin.com', 'no', 'no', 'yes', 'yes', 'yes'),
('ndibben10@arizona.edu', 'yes', 'no', 'yes', 'no', 'no'),
('nehabadiani@gmail.com', 'no', 'yes', 'no', 'no', 'yes'),
('pcalterat@parallels.com', 'no', 'no', 'no', 'yes', 'no'),
('pfairbardc@cnet.com', 'no', 'no', 'no', 'yes', 'no'),
('pluxmoore1e@jigsy.com', 'no', 'yes', 'no', 'no', 'yes'),
('rajvishah@gmail.com', 'no', 'no', 'no', 'no', 'no'),
('rclaypoolem@t-online.de', 'no', 'yes', 'no', 'no', 'yes'),
('rsilverson1b@hhs.gov', 'yes', 'no', 'no', 'no', 'yes'),
('rushabhs2009@gmail.com', 'yes', 'no', 'yes', 'yes', 'no'),
('sdenziloei@virginia.edu', 'no', 'yes', 'no', 'yes', 'no'),
('smoff1f@taobao.com', 'no', 'yes', 'yes', 'yes', 'yes'),
('ssimonelli6@networkadvertising', 'yes', 'yes', 'no', 'yes', 'no'),
('swenden1a@flavors.me', 'no', 'yes', 'yes', 'yes', 'yes'),
('tbalesa@omniture.com', 'no', 'yes', 'yes', 'yes', 'no'),
('tpiche1k@utexas.edu', 'yes', 'no', 'yes', 'no', 'yes'),
('woliveyb@npr.org', 'no', 'no', 'no', 'yes', 'yes'),
('wroscam4@unicef.org', 'no', 'yes', 'no', 'no', 'yes'),
('xhaird@nationalgeographic.com', 'no', 'no', 'no', 'yes', 'no'),
('zoliverpaull13@nationalgeograp', 'no', 'yes', 'no', 'yes', 'no');

-- --------------------------------------------------------

--
-- Table structure for table `biometric_data`
--

CREATE TABLE `biometric_data` (
  `security_id` int(11) NOT NULL,
  `blood_oxygen_level` int(11) NOT NULL
) ENGINE=InnoDB DEFAULT CHARSET=utf8mb4;

--
-- Dumping data for table `biometric_data`
--

INSERT INTO `biometric_data` (`security_id`, `blood_oxygen_level`) VALUES
(7000, 90),
(7001, 95),
(7002, 99),
(7003, 98),
(7004, 79),
(7005, 55),
(7006, 96),
(7007, 77),
(7008, 75),
(7009, 87),
(7010, 96),
(7011, 63),
(7012, 66),
(7013, 69),
(7014, 93),
(7015, 67),
(7016, 88),
(7017, 59),
(7018, 95),
(7019, 59),
(7020, 61),
(7021, 51),
(7022, 74),
(7023, 71),
(7024, 95),
(7025, 78),
(7026, 64),
(7027, 51),
(7028, 92),
(7029, 69),
(7030, 77),
(7031, 74),
(7032, 59),
(7033, 59),
(7034, 51),
(7035, 96),
(7036, 56),
(7037, 88),
(7038, 61),
(7039, 58),
(7040, 62),
(7041, 64),
(7042, 74),
(7043, 98),
(7044, 71),
(7045, 66),
(7046, 54),
(7047, 100),
(7048, 56),
(7049, 100),
(7050, 72),
(7051, 56),
(7052, 73),
(7053, 57),
(7054, 56),
(7055, 71),
(7056, 65),
(7057, 68),
(7058, 54),
(7059, 66),
(7060, 71);

-- --------------------------------------------------------

--
-- Table structure for table `bmi_data`
--

CREATE TABLE `bmi_data` (
  `BMI_id` int(11) NOT NULL,
  `DOB` date NOT NULL,
  `cycle_period` int(11) NOT NULL,
  `bodyaches` varchar(3) NOT NULL,
  `user_height` float NOT NULL,
  `user_weight` float NOT NULL
) ENGINE=InnoDB DEFAULT CHARSET=utf8mb4;

--
-- Dumping data for table `bmi_data`
--

INSERT INTO `bmi_data` (`BMI_id`, `DOB`, `cycle_period`, `bodyaches`, `user_height`, `user_weight`) VALUES
(9000, '2001-09-20', 28, 'yes', 179, 56),
(9001, '2001-06-06', 29, 'no', 160, 90),
(9002, '2001-03-30', 30, 'yes', 150, 60),
(9003, '2013-07-14', 24, 'yes', 182, 78),
(9004, '2016-06-02', 23, 'yes', 157, 72),
(9005, '2010-08-26', 24, 'yes', 163, 44),
(9006, '2006-04-25', 21, 'no', 151, 75),
(9007, '2015-05-28', 25, 'yes', 176, 84),
(9008, '2007-09-21', 27, 'no', 152, 71),
(9009, '2011-02-09', 25, 'no', 166, 46),
(9010, '2019-08-13', 26, 'no', 160, 90),
(9011, '2006-10-18', 26, 'no', 165, 53),
(9012, '2012-12-18', 29, 'yes', 158, 73),
(9013, '2015-12-13', 20, 'no', 150, 48),
(9014, '2012-10-15', 20, 'no', 156, 75),
(9015, '2020-04-20', 20, 'yes', 149, 91),
(9016, '2007-05-07', 30, 'no', 153, 49),
(9017, '2011-02-21', 29, 'no', 163, 60),
(9018, '2018-08-11', 30, 'yes', 155, 59),
(9019, '2017-11-26', 27, 'yes', 179, 37),
(9020, '2008-03-12', 20, 'yes', 165, 77),
(9021, '2018-08-08', 27, 'yes', 169, 71),
(9022, '2009-02-09', 21, 'yes', 145, 82),
(9023, '2017-01-14', 21, 'yes', 171, 61),
(9024, '2006-07-30', 22, 'no', 160, 35),
(9025, '2009-01-03', 28, 'yes', 172, 55),
(9026, '2005-05-13', 21, 'no', 146, 46),
(9027, '2007-03-18', 26, 'yes', 184, 56),
(9028, '2015-07-26', 27, 'yes', 161, 72),
(9029, '2006-03-06', 30, 'yes', 158, 36),
(9030, '2020-04-28', 26, 'yes', 178, 45),
(9031, '2017-02-14', 27, 'no', 169, 78),
(9032, '2013-04-24', 25, 'no', 174, 40),
(9033, '2009-04-23', 20, 'no', 151, 64),
(9034, '2013-04-22', 30, 'no', 163, 88),
(9035, '2013-05-19', 27, 'yes', 168, 59),
(9036, '2019-01-22', 26, 'yes', 173, 62),
(9037, '2008-06-23', 29, 'no', 164, 50),
(9038, '2011-10-21', 20, 'no', 166, 86),
(9039, '2011-11-22', 25, 'yes', 166, 60),
(9040, '2005-12-13', 22, 'no', 171, 46),
(9041, '2015-05-16', 29, 'no', 163, 76),
(9042, '2016-05-14', 26, 'yes', 145, 78),
(9043, '2016-06-14', 23, 'no', 171, 75),
(9044, '2018-01-15', 24, 'no', 162, 64),
(9045, '2016-05-01', 28, 'yes', 175, 42),
(9046, '2005-12-31', 30, 'no', 149, 59),
(9047, '2008-11-02', 22, 'no', 157, 43),
(9048, '2013-10-08', 29, 'yes', 177, 90),
(9049, '2011-01-23', 27, 'yes', 146, 46),
(9050, '2009-07-17', 30, 'no', 184, 49),
(9051, '2013-07-17', 25, 'no', 183, 86),
(9052, '2018-10-12', 24, 'no', 182, 91),
(9053, '2016-04-08', 26, 'no', 182, 52),
(9054, '2006-02-23', 21, 'yes', 183, 74),
(9055, '2012-12-07', 20, 'yes', 168, 52),
(9056, '2008-07-29', 24, 'yes', 174, 53),
(9057, '2017-05-20', 20, 'no', 185, 80),
(9058, '2016-02-01', 22, 'no', 176, 57),
(9059, '2013-03-16', 23, 'yes', 153, 41),
(9060, '2020-10-15', 28, 'no', 49, 58);

-- --------------------------------------------------------

--
-- Table structure for table `bp_sugar_level`
--

CREATE TABLE `bp_sugar_level` (
  `medical_id` int(11) NOT NULL,
  `blood_pressure` float NOT NULL,
  `sugar_level` float NOT NULL
) ENGINE=InnoDB DEFAULT CHARSET=utf8mb4;

--
-- Dumping data for table `bp_sugar_level`
--

INSERT INTO `bp_sugar_level` (`medical_id`, `blood_pressure`, `sugar_level`) VALUES
(5000, 99, 120),
(5001, 102, 150),
(5002, 107, 139),
(5003, 94, 140),
(5004, 119, 140),
(5005, 119, 138),
(5006, 93, 129),
(5007, 110, 137),
(5008, 92, 128),
(5009, 92, 129),
(5010, 107, 144),
(5011, 95, 126),
(5012, 99, 141),
(5013, 94, 137),
(5014, 114, 127),
(5015, 113, 143),
(5016, 114, 149),
(5017, 106, 145),
(5018, 120, 132),
(5019, 120, 137),
(5020, 114, 121),
(5021, 95, 135),
(5022, 110, 150),
(5023, 97, 123),
(5024, 119, 145),
(5025, 91, 141),
(5026, 92, 139),
(5027, 90, 124),
(5028, 113, 121),
(5029, 117, 148),
(5030, 116, 127),
(5031, 110, 148),
(5032, 92, 146),
(5033, 112, 134),
(5034, 93, 133),
(5035, 103, 136),
(5036, 91, 138),
(5037, 119, 139),
(5038, 102, 147),
(5039, 106, 148),
(5040, 103, 130),
(5041, 115, 145),
(5042, 114, 143),
(5043, 91, 134),
(5044, 96, 127),
(5045, 119, 134),
(5046, 106, 141),
(5047, 105, 123),
(5048, 101, 146),
(5049, 113, 131),
(5050, 111, 145),
(5051, 98, 129),
(5052, 97, 122),
(5053, 99, 123),
(5054, 56, 78),
(5055, 86, 48),
(5056, 57, 68),
(5057, 98, 78),
(5058, 24, 38),
(5059, 68, 73),
(5060, 72, 88);

-- --------------------------------------------------------

--
-- Table structure for table `date_time`
--

CREATE TABLE `date_time` (
  `locale_id` int(11) NOT NULL,
  `time` time NOT NULL,
  `date` date NOT NULL,
  `user_timezone` varchar(3) NOT NULL
) ENGINE=InnoDB DEFAULT CHARSET=utf8mb4;

--
-- Dumping data for table `date_time`
--

INSERT INTO `date_time` (`locale_id`, `time`, `date`, `user_timezone`) VALUES
(10000, '22:13:11', '2021-02-26', 'IST'),
(10001, '11:13:11', '2021-01-05', 'UTC'),
(10002, '12:12:12', '2001-05-01', 'UTC'),
(10003, '15:41:22', '2008-11-05', 'PST'),
(10004, '00:34:33', '2018-12-26', 'PST'),
(10005, '17:13:16', '2005-08-17', 'EST'),
(10006, '11:47:23', '2019-03-03', 'IST'),
(10007, '13:26:43', '2002-06-18', 'PST'),
(10008, '07:19:28', '2018-08-13', 'UTC'),
(10009, '05:31:19', '2016-04-02', 'UTC'),
(10010, '02:13:24', '2010-10-02', 'EST'),
(10011, '05:55:03', '2010-04-15', 'IST'),
(10012, '20:02:12', '2003-01-23', 'IST'),
(10013, '21:06:17', '2016-11-08', 'UTC'),
(10014, '03:20:13', '2009-03-08', 'UTC'),
(10015, '23:02:38', '2014-02-11', 'UTC'),
(10016, '15:19:36', '2008-04-30', 'EST'),
(10017, '08:33:20', '2017-08-15', 'EST'),
(10018, '05:45:41', '2003-04-23', 'PST'),
(10019, '15:31:31', '2005-07-04', 'EST'),
(10020, '07:06:35', '2004-05-20', 'IST'),
(10021, '19:16:47', '2008-06-15', 'EST'),
(10022, '23:12:56', '2014-05-30', 'EST'),
(10023, '16:30:41', '2013-01-22', 'PST'),
(10024, '15:13:10', '2015-07-28', 'PST'),
(10025, '10:22:07', '2019-03-08', 'EST'),
(10026, '16:29:39', '2016-11-30', 'EST'),
(10027, '00:34:48', '2018-09-20', 'EST'),
(10028, '01:33:16', '2018-01-28', 'IST'),
(10029, '20:25:51', '2011-06-08', 'CST'),
(10030, '12:05:16', '2012-10-31', 'UTC'),
(10031, '09:37:45', '2002-11-27', 'IST'),
(10032, '07:05:49', '2003-01-16', 'EST'),
(10033, '00:18:52', '2006-06-14', 'EST'),
(10034, '17:44:44', '2010-03-03', 'UTC'),
(10035, '01:31:12', '2018-09-18', 'PST'),
(10036, '16:43:53', '2006-08-21', 'EST'),
(10037, '13:14:07', '2016-09-20', 'UTC'),
(10038, '03:43:30', '2010-09-03', 'EST'),
(10039, '15:31:25', '2010-09-16', 'EST'),
(10040, '05:26:13', '2019-09-09', 'UTC'),
(10041, '10:00:17', '2009-07-26', 'PST'),
(10042, '08:24:04', '2004-09-19', 'EST'),
(10043, '17:36:01', '2016-11-26', 'EST'),
(10044, '15:54:24', '2006-06-02', 'EST'),
(10045, '07:06:21', '2019-12-05', 'EST'),
(10046, '16:47:18', '2005-01-21', 'EST'),
(10047, '02:01:09', '2010-01-06', 'EST'),
(10048, '20:12:58', '2015-11-24', 'EST'),
(10049, '20:37:12', '2005-11-28', 'PST'),
(10050, '08:29:51', '2017-02-08', 'EST'),
(10051, '03:34:55', '2002-12-10', 'EST'),
(10052, '18:20:04', '2002-03-17', 'IST'),
(10053, '07:48:14', '2018-07-19', 'EST'),
(10054, '00:56:07', '2020-06-13', 'EST'),
(10055, '18:51:03', '2020-07-08', 'EST'),
(10056, '16:30:36', '2005-04-05', 'PST'),
(10057, '04:18:29', '2002-07-06', 'EST'),
(10058, '02:37:38', '2013-04-10', 'PST'),
(10059, '03:06:50', '2008-04-16', 'UTC'),
(10060, '22:47:12', '2019-06-14', 'IST');

-- --------------------------------------------------------

--
-- Table structure for table `fitness_data`
--

CREATE TABLE `fitness_data` (
  `fitness_id` int(11) NOT NULL,
  `workout_id` int(11) NOT NULL,
  `accelerometer` float NOT NULL,
  `body_temperature` float NOT NULL,
  `muscle_mass_gain` float NOT NULL
) ENGINE=InnoDB DEFAULT CHARSET=utf8mb4;

--
-- Dumping data for table `fitness_data`
--

INSERT INTO `fitness_data` (`fitness_id`, `workout_id`, `accelerometer`, `body_temperature`, `muscle_mass_gain`) VALUES
(14000, 13000, 0.2, 98.6, 20.5),
(14001, 13001, 0.9, 99, 30.9),
(14002, 13002, 1.2, 101.2, 10.5),
(14003, 13003, 0.09, 103.9, 20.08),
(14004, 13004, 0.37, 103.51, 34.65),
(14005, 13005, 0.31, 98.94, 1.03),
(14006, 13006, 1.64, 97.76, 2.71),
(14007, 13007, 0.05, 99.57, 9.63),
(14008, 13008, 0.14, 99.77, 29.13),
(14009, 13009, 1.09, 98.01, 48.96),
(14010, 13010, 1.47, 97.75, 25.9),
(14011, 13011, 0.35, 103.28, 20.8),
(14012, 13012, 0.6, 104.2, 43.73),
(14013, 13013, 0.59, 103.48, 6.5),
(14014, 13014, 0.12, 96.44, 41),
(14015, 13015, 0.73, 101.17, 36.12),
(14016, 13016, 0.82, 102.57, 30.93),
(14017, 13017, 1.08, 96.92, 31.94),
(14018, 13018, 1.67, 101.15, 5.4),
(14019, 13019, 1.14, 100.15, 37.2),
(14020, 13020, 1.99, 101.44, 8.86),
(14021, 13021, 1.08, 99.55, 16.1),
(14022, 13022, 1.04, 100.85, 10.79),
(14023, 13023, 0.83, 100.58, 35.8),
(14024, 13024, 1.44, 96.49, 0.14),
(14025, 13025, 1.6, 95.72, 16.59),
(14026, 13026, 0.12, 103.97, 0.13),
(14027, 13027, 1.87, 103.63, 11.08),
(14028, 13028, 0.84, 103.81, 26.99),
(14029, 13029, 0.78, 104.88, 48.2),
(14030, 13030, 0.12, 96.65, 40.89),
(14031, 13031, 0.77, 95.84, 3.23),
(14032, 13032, 0.71, 102.1, 12.63),
(14033, 13033, 0.61, 97.94, 29.57),
(14034, 13034, 0.2, 101.94, 4.55),
(14035, 13035, 0.43, 96.83, 13.23),
(14036, 13036, 1.18, 104.38, 38.89),
(14037, 13037, 0.05, 100.17, 36.13),
(14038, 13038, 0.34, 102.4, 2.35),
(14039, 13039, 0.3, 98.75, 8.9),
(14040, 13040, 0.97, 102.52, 10.03),
(14041, 13041, 0.31, 100.38, 9.31),
(14042, 13042, 0.41, 101.71, 27.28),
(14043, 13043, 0.85, 97.37, 37.21),
(14044, 13044, 0.62, 103.32, 22.94),
(14045, 13045, 0.4, 99.18, 21.91),
(14046, 13046, 1.62, 97.13, 2.31),
(14047, 13047, 0.21, 100.41, 42.87),
(14048, 13048, 0.56, 103.96, 43.42),
(14049, 13049, 0.94, 96.63, 49.83),
(14050, 13050, 0.07, 95.95, 34.88),
(14051, 13051, 1.13, 103.97, 43.08),
(14052, 13052, 0.03, 101.91, 38.87),
(14053, 13053, 0.21, 104.78, 49.98),
(14054, 13054, 0.64, 99.87, 27.66),
(14055, 13055, 0.13, 103.29, 8.62),
(14056, 13056, 0.71, 101.28, 17.1),
(14057, 13057, 0.47, 99.71, 44.47),
(14058, 13058, 1.1, 104.84, 45.53),
(14059, 13059, 0.96, 100.01, 1.14),
(14060, 13060, 1.33, 96.62, 21.5);

-- --------------------------------------------------------

--
-- Table structure for table `gps`
--

CREATE TABLE `gps` (
  `location_id` int(11) NOT NULL,
  `gps_connectivity` varchar(4) NOT NULL
) ENGINE=InnoDB DEFAULT CHARSET=utf8mb4;

--
-- Dumping data for table `gps`
--

INSERT INTO `gps` (`location_id`, `gps_connectivity`) VALUES
(6000, 'good'),
(6001, 'bad'),
(6002, 'good'),
(6003, 'bad'),
(6004, 'good'),
(6005, 'bad'),
(6006, 'bad'),
(6007, 'bad'),
(6008, 'good'),
(6009, 'bad'),
(6010, 'good'),
(6011, 'bad'),
(6012, 'bad'),
(6013, 'good'),
(6014, 'good'),
(6015, 'good'),
(6016, 'bad'),
(6017, 'bad'),
(6018, 'good'),
(6019, 'bad'),
(6020, 'good'),
(6021, 'bad'),
(6022, 'good'),
(6023, 'good'),
(6024, 'bad'),
(6025, 'bad'),
(6026, 'bad'),
(6027, 'good'),
(6028, 'good'),
(6029, 'bad'),
(6030, 'bad'),
(6031, 'good'),
(6032, 'good'),
(6033, 'bad'),
(6034, 'bad'),
(6035, 'bad'),
(6036, 'good'),
(6037, 'good'),
(6038, 'good'),
(6039, 'bad'),
(6040, 'bad'),
(6041, 'good'),
(6042, 'bad'),
(6043, 'bad'),
(6044, 'good'),
(6045, 'bad'),
(6046, 'bad'),
(6047, 'bad'),
(6048, 'bad'),
(6049, 'bad'),
(6050, 'good'),
(6051, 'bad'),
(6052, 'good'),
(6053, 'good'),
(6054, 'bad'),
(6055, 'bad'),
(6056, 'bad'),
(6057, 'bad'),
(6058, 'good'),
(6059, 'good'),
(6060, 'bad');

-- --------------------------------------------------------

--
-- Table structure for table `heart_health`
--

CREATE TABLE `heart_health` (
  `ECG` int(11) NOT NULL,
  `seizures` varchar(3) NOT NULL,
  `heart_rate` int(11) NOT NULL
) ENGINE=InnoDB DEFAULT CHARSET=utf8mb4;

--
-- Dumping data for table `heart_health`
--

INSERT INTO `heart_health` (`ECG`, `seizures`, `heart_rate`) VALUES
(100, 'no', 69),
(101, 'yes', 60),
(102, 'yes', 72),
(103, 'yes', 73),
(104, 'yes', 60),
(105, 'no', 78),
(106, 'yes', 90),
(107, 'yes', 74),
(108, 'yes', 99),
(109, 'yes', 75),
(110, 'yes', 67),
(111, 'yes', 88),
(112, 'no', 81),
(113, 'yes', 69),
(114, 'no', 74),
(115, 'yes', 82),
(116, 'no', 84),
(117, 'yes', 95),
(118, 'no', 86),
(119, 'no', 74),
(120, 'yes', 84),
(121, 'no', 85),
(122, 'no', 71),
(123, 'no', 70),
(124, 'no', 64),
(125, 'yes', 92),
(126, 'yes', 69),
(127, 'no', 92),
(128, 'yes', 80),
(129, 'yes', 77),
(130, 'no', 70),
(131, 'yes', 82),
(132, 'yes', 69),
(133, 'no', 67),
(134, 'yes', 69),
(135, 'no', 66),
(136, 'no', 98),
(137, 'no', 68),
(138, 'no', 68),
(139, 'no', 81),
(140, 'yes', 60),
(141, 'no', 93),
(142, 'no', 69),
(143, 'no', 85),
(144, 'yes', 81),
(145, 'yes', 83),
(146, 'no', 83),
(147, 'yes', 78),
(148, 'no', 100),
(149, 'no', 84),
(150, 'no', 81),
(151, 'yes', 91),
(152, 'no', 84),
(153, 'yes', 64),
(154, 'no', 54),
(155, 'no', 54),
(156, 'yes', 45),
(157, 'no', 99),
(158, 'yes', 49),
(159, 'yes', 57),
(160, 'no', 79);

-- --------------------------------------------------------

--
-- Table structure for table `ids`
--

CREATE TABLE `ids` (
  `main_id` int(11) NOT NULL,
  `user_id` int(11) NOT NULL,
  `device_id` int(11) NOT NULL,
  `phone_id` int(11) NOT NULL,
  `medical_id` int(11) NOT NULL,
  `location_id` int(11) NOT NULL,
  `security_id` int(11) NOT NULL,
  `transaction_id` int(11) NOT NULL
) ENGINE=InnoDB DEFAULT CHARSET=utf8mb4;

--
-- Dumping data for table `ids`
--

INSERT INTO `ids` (`main_id`, `user_id`, `device_id`, `phone_id`, `medical_id`, `location_id`, `security_id`, `transaction_id`) VALUES
(1000, 2000, 3000, 4000, 5000, 6000, 7000, 8000),
(1001, 2001, 3001, 4001, 5001, 6001, 7001, 8001),
(1002, 2002, 3002, 4002, 5002, 6002, 7002, 8002),
(1003, 2003, 3003, 4003, 5003, 6003, 7003, 8003),
(1004, 2004, 3004, 4004, 5004, 6004, 7004, 8004),
(1005, 2005, 3005, 4005, 5005, 6005, 7005, 8005),
(1006, 2006, 3006, 4006, 5006, 6006, 7006, 8006),
(1007, 2007, 3007, 4007, 5007, 6007, 7007, 8007),
(1008, 2008, 3008, 4008, 5008, 6008, 7008, 8008),
(1009, 2009, 3009, 4009, 5009, 6009, 7009, 8009),
(1010, 2010, 3010, 4010, 5010, 6010, 7010, 8010),
(1011, 2011, 3011, 4011, 5011, 6011, 7011, 8011),
(1012, 2012, 3012, 4012, 5012, 6012, 7012, 8012),
(1013, 2013, 3013, 4013, 5013, 6013, 7013, 8013),
(1014, 2014, 3014, 4014, 5014, 6014, 7014, 8014),
(1015, 2015, 3015, 4015, 5015, 6015, 7015, 8015),
(1016, 2016, 3016, 4016, 5016, 6016, 7016, 8016),
(1017, 2017, 3017, 4017, 5017, 6017, 7017, 8017),
(1018, 2018, 3018, 4018, 5018, 6018, 7018, 8018),
(1019, 2019, 3019, 4019, 5019, 6019, 7019, 8019),
(1020, 2020, 3020, 4020, 5020, 6020, 7020, 8020),
(1021, 2021, 3021, 4021, 5021, 6021, 7021, 8021),
(1022, 2022, 3022, 4022, 5022, 6022, 7022, 8022),
(1023, 2023, 3023, 4023, 5023, 6023, 7023, 8023),
(1024, 2024, 3024, 4024, 5024, 6024, 7024, 8024),
(1025, 2025, 3025, 4025, 5025, 6025, 7025, 8025),
(1026, 2026, 3026, 4026, 5026, 6026, 7026, 8026),
(1027, 2027, 3027, 4027, 5027, 6027, 7027, 8027),
(1028, 2028, 3028, 4028, 5028, 6028, 7028, 8028),
(1029, 2029, 3029, 4029, 5029, 6029, 7029, 8029),
(1030, 2030, 3030, 4030, 5030, 6030, 7030, 8030),
(1031, 2031, 3031, 4031, 5031, 6031, 7031, 8031),
(1032, 2032, 3032, 4032, 5032, 6032, 7032, 8032),
(1033, 2033, 3033, 4033, 5033, 6033, 7033, 8033),
(1034, 2034, 3034, 4034, 5034, 6034, 7034, 8034),
(1035, 2035, 3035, 4035, 5035, 6035, 7035, 8035),
(1036, 2036, 3036, 4036, 5036, 6036, 7036, 8036),
(1037, 2037, 3037, 4037, 5037, 6037, 7037, 8037),
(1038, 2038, 3038, 4038, 5038, 6038, 7038, 8038),
(1039, 2039, 3039, 4039, 5039, 6039, 7039, 8039),
(1040, 2040, 3040, 4040, 5040, 6040, 7040, 8040),
(1041, 2041, 3041, 4041, 5041, 6041, 7041, 8041),
(1042, 2042, 3042, 4042, 5042, 6042, 7042, 8042),
(1043, 2043, 3043, 4043, 5043, 6043, 7043, 8043),
(1044, 2044, 3044, 4044, 5044, 6044, 7044, 8044),
(1045, 2045, 3045, 4045, 5045, 6045, 7045, 8045),
(1046, 2046, 3046, 4046, 5046, 6046, 7046, 8046),
(1047, 2047, 3047, 4047, 5047, 6047, 7047, 8047),
(1048, 2048, 3048, 4048, 5048, 6048, 7048, 8048),
(1049, 2049, 3049, 4049, 5049, 6049, 7049, 8049),
(1050, 2050, 3050, 4050, 5050, 6050, 7050, 8050),
(1051, 2051, 3051, 4051, 5051, 6051, 7051, 8051),
(1052, 2052, 3052, 4052, 5052, 6052, 7052, 8052),
(1053, 2053, 3053, 4053, 5053, 6053, 7053, 8053),
(1054, 2054, 3054, 4054, 5054, 6054, 7054, 8054),
(1055, 2055, 3055, 4055, 5055, 6055, 7055, 8055),
(1056, 2056, 3056, 4056, 5056, 6056, 7056, 8056),
(1057, 2057, 3057, 4057, 5057, 6057, 7057, 8057),
(1058, 2058, 3058, 4058, 5058, 6058, 7058, 8058),
(1059, 2059, 3059, 4059, 5059, 6059, 7059, 8059),
(1060, 2060, 3060, 4060, 5060, 6060, 7060, 8060);

-- --------------------------------------------------------

--
-- Table structure for table `location`
--

CREATE TABLE `location` (
  `device_ip` varchar(20) NOT NULL,
  `location_id` int(11) NOT NULL,
  `user_ip` varchar(20) NOT NULL,
  `locale_id` int(11) NOT NULL
) ENGINE=InnoDB DEFAULT CHARSET=utf8mb4;

--
-- Dumping data for table `location`
--

INSERT INTO `location` (`device_ip`, `location_id`, `user_ip`, `locale_id`) VALUES
('11.480.40', 6058, '100.000.00.58', 10058),
('12.258.43', 6023, '100.000.00.23', 10023),
('12.397.60', 6043, '100.000.00.43', 10043),
('12.450.54', 6012, '100.000.00.12', 10012),
('12.588.23', 6026, '100.000.00.26', 10026),
('12.761.60', 6021, '100.000.00.21', 10021),
('13.505.63', 6009, '100.000.00.09', 10009),
('13.730.23', 6035, '100.000.00.35', 10035),
('16.185.56', 6038, '100.000.00.38', 10038),
('16.561.67', 6039, '100.000.00.39', 10039),
('17.331.78', 6042, '100.000.00.42', 10042),
('21.983.30', 6044, '100.000.00.44', 10044),
('23.23.32', 6020, '100.000.00.20', 10020),
('23.258.56', 6057, '100.000.00.57', 10057),
('23.620.76', 6011, '100.000.00.11', 10011),
('23.682.23', 6029, '100.000.00.29', 10029),
('23.723.76', 6019, '100.000.00.19', 10019),
('23.793.23', 6015, '100.000.00.15', 10015),
('24.070.69', 6053, '100.000.00.53', 10053),
('30.712.54', 6030, '100.000.00.30', 10030),
('32.258.43', 6003, '100.000.00.03', 10003),
('32.540.12', 6033, '100.000.00.33', 10033),
('32.646.54', 6002, '100.000.00.02', 10002),
('34.170.35', 6008, '100.000.00.08', 10008),
('34.361.43', 6018, '100.000.00.18', 10018),
('34.666.54', 6028, '100.000.00.28', 10028),
('34.670.54', 6022, '100.000.00.22', 10022),
('34.878.53', 6007, '100.000.00.07', 10007),
('36.842.34', 6004, '100.000.00.04', 10004),
('37.690.54', 6060, '100.000.00.60', 10060),
('40.709.20', 6036, '100.000.00.36', 10036),
('43.27.54', 6013, '100.000.00.13', 10013),
('43.338.12', 6031, '100.000.00.31', 10031),
('44.763.76', 6050, '100.000.00.50', 10050),
('45.791.60', 6055, '100.000.00.55', 10055),
('49.069.21', 6059, '100.000.00.59', 10059),
('54.140.44', 6040, '100.000.00.40', 10040),
('54.316.434', 6000, '100.000.00.00', 10000),
('54.550.12', 6034, '100.000.00.34', 10034),
('56.848.78', 6049, '100.000.00.49', 10049),
('57.237.54', 6048, '100.000.00.48', 10048),
('64.343.94', 6001, '100.000.00.01', 10001),
('64.434.42', 6010, '100.000.00.10', 10010),
('65.120.67', 6037, '100.000.00.37', 10037),
('65.15.23', 6024, '100.000.00.24', 10024),
('65.596.23', 6025, '100.000.00.25', 10025),
('67.177.34', 6052, '100.000.00.52', 10052),
('67.205.66', 6005, '100.000.00.05', 10005),
('67.444.54', 6027, '100.000.00.27', 10027),
('67.868.86', 6045, '100.000.00.45', 10045),
('67.872.12', 6032, '100.000.00.32', 10032),
('67.952.43', 6047, '100.000.00.47', 10047),
('69.699.69', 6054, '100.000.00.54', 10054),
('76.407.32', 6014, '100.000.00.14', 10014),
('76.862.64', 6006, '100.000.00.06', 10006),
('77.820.29', 6051, '100.000.00.51', 10051),
('78.165.65', 6017, '100.000.00.17', 10017),
('89.157.89', 6056, '100.000.00.56', 10056),
('90.276.21', 6016, '100.000.00.16', 10016),
('98.486.67', 6041, '100.000.00.41', 10041),
('99.444.55', 6046, '100.000.00.46', 10046);

-- --------------------------------------------------------

--
-- Table structure for table `medical_data`
--

CREATE TABLE `medical_data` (
  `medical_id` int(11) NOT NULL,
  `EEG` float NOT NULL,
  `ECG` int(11) NOT NULL,
  `BMI_id` int(11) NOT NULL
) ENGINE=InnoDB DEFAULT CHARSET=utf8mb4;

--
-- Dumping data for table `medical_data`
--

INSERT INTO `medical_data` (`medical_id`, `EEG`, `ECG`, `BMI_id`) VALUES
(5000, 7, 100, 9000),
(5001, 7.1, 101, 9001),
(5002, 7.2, 102, 9002),
(5003, 7.3, 103, 9003),
(5004, 7.4, 104, 9004),
(5005, 7.5, 105, 9005),
(5006, 7.6, 106, 9006),
(5007, 7.7, 107, 9007),
(5008, 7.8, 108, 9008),
(5009, 7.9, 109, 9009),
(5010, 8, 110, 9010),
(5011, 8.1, 111, 9011),
(5012, 8.2, 112, 9012),
(5013, 8.3, 113, 9013),
(5014, 8.4, 114, 9014),
(5015, 8.5, 115, 9015),
(5016, 8.6, 116, 9016),
(5017, 8.7, 117, 9017),
(5018, 8.8, 118, 9018),
(5019, 8.9, 119, 9019),
(5020, 9, 120, 9020),
(5021, 9.1, 121, 9021),
(5022, 9.2, 122, 9022),
(5023, 9.3, 123, 9023),
(5024, 9.4, 124, 9024),
(5025, 9.5, 125, 9025),
(5026, 9.6, 126, 9026),
(5027, 9.7, 127, 9027),
(5028, 9.8, 128, 9028),
(5029, 9.9, 129, 9029),
(5030, 10, 130, 9030),
(5031, 10.1, 131, 9031),
(5032, 10.2, 132, 9032),
(5033, 10.3, 133, 9033),
(5034, 10.4, 134, 9034),
(5035, 10.5, 135, 9035),
(5036, 10.6, 136, 9036),
(5037, 10.7, 137, 9037),
(5038, 10.8, 138, 9038),
(5039, 10.9, 139, 9039),
(5040, 11, 140, 9040),
(5041, 11.1, 141, 9041),
(5042, 11.2, 142, 9042),
(5043, 11.3, 143, 9043),
(5044, 11.4, 144, 9044),
(5045, 11.5, 145, 9045),
(5046, 11.6, 146, 9046),
(5047, 11.7, 147, 9047),
(5048, 11.8, 148, 9048),
(5049, 11.9, 149, 9049),
(5050, 12, 150, 9050),
(5051, 12.1, 151, 9051),
(5052, 12.2, 152, 9052),
(5053, 12.3, 153, 9053),
(5054, 12.4, 154, 9054),
(5055, 12.5, 155, 9055),
(5056, 12.6, 156, 9056),
(5057, 12.7, 157, 9057),
(5058, 12.8, 158, 9058),
(5059, 12.9, 159, 9059),
(5060, 13, 160, 9060);

-- --------------------------------------------------------

--
-- Table structure for table `merchant_details`
--

CREATE TABLE `merchant_details` (
  `merchant_order_id` int(11) NOT NULL,
  `merchant_pincode` int(11) NOT NULL,
  `merchant_region` varchar(20) NOT NULL,
  `merchant_state` varchar(20) NOT NULL,
  `merchant_country` varchar(20) NOT NULL
) ENGINE=InnoDB DEFAULT CHARSET=utf8mb4;

--
-- Dumping data for table `merchant_details`
--

INSERT INTO `merchant_details` (`merchant_order_id`, `merchant_pincode`, `merchant_region`, `merchant_state`, `merchant_country`) VALUES
(17000, 380015, 'Ahmedabad', 'Gujarat', 'India'),
(17001, 670078, 'Allahabad', 'Haryana', 'India'),
(17002, 560067, 'Los Angeles', 'California', 'US'),
(17003, 4984941, 'Oriole', 'Texas', 'United States'),
(17004, 3510892, 'Armistice', 'Montana', 'United States'),
(17005, 3762153, 'Bluejay', 'Florida', 'United States'),
(17006, 3690642, 'Longview', 'California', 'United States'),
(17007, 5481522, 'Kipling', 'Delaware', 'United States'),
(17008, 6402633, 'Basil', 'Connecticut', 'United States'),
(17009, 3160411, 'Blackbird', 'Michigan', 'United States'),
(17010, 6798213, 'Hooker', 'Arizona', 'United States'),
(17011, 6022674, 'Mcguire', 'Missouri', 'United States'),
(17012, 2379584, 'Transport', 'Virginia', 'United States'),
(17013, 9764354, 'Utah', 'Oregon', 'United States'),
(17014, 2871854, 'Maryland', 'Illinois', 'United States'),
(17015, 7337541, 'Ryan', 'Washington', 'United States'),
(17016, 6556496, 'Ridgeway', 'Nebraska', 'United States'),
(17017, 8927581, 'Westerfield', 'New York', 'United States'),
(17018, 6127857, 'Hovde', 'Georgia', 'United States'),
(17019, 3573460, 'Vahlen', 'Colorado', 'United States'),
(17020, 7598318, 'Bobwhite', 'Kentucky', 'United States'),
(17021, 4955634, 'Gina', 'Minnesota', 'United States'),
(17022, 4486871, 'South', 'Virginia', 'United States'),
(17023, 7692750, 'Prentice', 'Texas', 'United States'),
(17024, 8046673, 'Drewry', 'New York', 'United States'),
(17025, 4632808, 'High Crossing', 'Ohio', 'United States'),
(17026, 8622430, 'Bayside', 'Texas', 'United States'),
(17027, 9598195, 'Bunker Hill', 'Texas', 'United States'),
(17028, 4322804, 'Dryden', 'District of Columbia', 'United States'),
(17029, 3515929, 'Express', 'California', 'United States'),
(17030, 7608808, 'Randy', 'District of Columbia', 'United States'),
(17031, 2395822, 'Trailsway', 'Ohio', 'United States'),
(17032, 1113889, 'Shelley', 'Virginia', 'United States'),
(17033, 8851174, 'Blackbird', 'Texas', 'United States'),
(17034, 3579289, 'Farragut', 'Indiana', 'United States'),
(17035, 5605608, 'Lawn', 'Connecticut', 'United States'),
(17036, 9799573, 'Gina', 'New Jersey', 'United States'),
(17037, 1824138, 'Shoshone', 'Maryland', 'United States'),
(17038, 2976987, 'Fordem', 'Texas', 'United States'),
(17039, 8195728, 'Sachtjen', 'Kentucky', 'United States'),
(17040, 8654878, 'Lakewood Gardens', 'Arkansas', 'United States'),
(17041, 5347944, 'Sullivan', 'District of Columbia', 'United States'),
(17042, 1817008, 'Bartillon', 'Nebraska', 'United States'),
(17043, 6703213, 'Glacier Hill', 'California', 'United States'),
(17044, 8768025, 'Esker', 'Tennessee', 'United States'),
(17045, 1446163, 'Alpine', 'Texas', 'United States'),
(17046, 1192425, 'Sundown', 'Pennsylvania', 'United States'),
(17047, 9677948, 'Delaware', 'Ohio', 'United States'),
(17048, 1718451, 'Messerschmidt', 'Pennsylvania', 'United States'),
(17049, 9011839, 'Burning Wood', 'Indiana', 'United States'),
(17050, 3185248, 'Wayridge', 'California', 'United States'),
(17051, 2753875, 'Roxbury', 'Texas', 'United States'),
(17052, 2384374, 'Fremont', 'Texas', 'United States'),
(17053, 9613192, 'Express', 'Colorado', 'United States'),
(17054, 8713633, 'John Wall', 'Tennessee', 'United States'),
(17055, 6100038, 'Esker', 'California', 'United States'),
(17056, 8544172, 'Jenifer', 'Indiana', 'United States'),
(17057, 6311869, 'Bashford', 'Arizona', 'United States'),
(17058, 3944462, 'David', 'Virginia', 'United States'),
(17059, 1228183, 'Fordem', 'Kentucky', 'United States'),
(17060, 341677, 'Ahmedabed', 'Gujarat', 'India');

-- --------------------------------------------------------

--
-- Table structure for table `music`
--

CREATE TABLE `music` (
  `bluetooth_id` int(11) NOT NULL,
  `gesture` varchar(30) NOT NULL,
  `playlist_number` int(11) NOT NULL,
  `speaker_connectivity` varchar(4) NOT NULL
) ENGINE=InnoDB DEFAULT CHARSET=utf8mb4;

--
-- Dumping data for table `music`
--

INSERT INTO `music` (`bluetooth_id`, `gesture`, `playlist_number`, `speaker_connectivity`) VALUES
(15000, 'double tap', 4, 'good'),
(15001, 'single tap', 6, 'bad'),
(15002, 'swipe', 11, 'bad'),
(15003, 'single tap', 55, 'bad'),
(15004, 'double tap', 40, 'bad'),
(15005, 'swipe', 14, 'good'),
(15006, 'double tap', 57, 'bad'),
(15007, 'single tap', 62, 'good'),
(15008, 'single tap', 81, 'bad'),
(15009, 'double tap', 30, 'bad'),
(15010, 'swipe', 89, 'bad'),
(15011, 'swipe', 15, 'bad'),
(15012, 'single tap', 88, 'good'),
(15013, 'double tap', 51, 'good'),
(15014, 'double tap', 78, 'good'),
(15015, 'swipe', 39, 'good'),
(15016, 'single tap', 65, 'good'),
(15017, 'swipe', 19, 'bad'),
(15018, 'double tap', 37, 'bad'),
(15019, 'double tap', 78, 'bad'),
(15020, 'swipe', 82, 'good'),
(15021, 'single tap', 67, 'bad'),
(15022, 'swipe', 9, 'bad'),
(15023, 'swipe', 41, 'good'),
(15024, 'double tap', 79, 'bad'),
(15025, 'double tap', 35, 'bad'),
(15026, 'swipe', 32, 'good'),
(15027, 'single tap', 28, 'good'),
(15028, 'swipe', 71, 'good'),
(15029, 'single tap', 57, 'bad'),
(15030, 'swipe', 8, 'good'),
(15031, 'swipe', 94, 'good'),
(15032, 'double tap', 72, 'bad'),
(15033, 'single tap', 59, 'bad'),
(15034, 'swipe', 23, 'good'),
(15035, 'single tap', 7, 'good'),
(15036, 'swipe', 34, 'bad'),
(15037, 'double tap', 28, 'bad'),
(15038, 'single tap', 97, 'bad'),
(15039, 'swipe', 89, 'good'),
(15040, 'swipe', 33, 'bad'),
(15041, 'double tap', 8, 'good'),
(15042, 'single tap', 37, 'bad'),
(15043, 'swipe', 95, 'good'),
(15044, 'single tap', 50, 'bad'),
(15045, 'double tap', 39, 'bad'),
(15046, 'swipe', 22, 'good'),
(15047, 'single tap', 89, 'bad'),
(15048, 'swipe', 83, 'good'),
(15049, 'swipe', 88, 'good'),
(15050, 'double tap', 23, 'good'),
(15051, 'double tap', 23, 'bad'),
(15052, 'single tap', 51, 'bad'),
(15053, 'double tap', 66, 'good'),
(15054, 'swipe', 1, 'bad'),
(15055, 'single tap', 85, 'good'),
(15056, 'double tap', 88, 'bad'),
(15057, 'single tap', 48, 'bad'),
(15058, 'single tap', 30, 'bad'),
(15059, 'double tap', 56, 'good'),
(15060, 'swipe', 56, 'good');

-- --------------------------------------------------------

--
-- Table structure for table `phone_tracker`
--

CREATE TABLE `phone_tracker` (
  `phone_id` int(11) NOT NULL,
  `bluetooth_id` int(11) NOT NULL,
  `user_location` varchar(100) NOT NULL,
  `proximity_distance` float NOT NULL
) ENGINE=InnoDB DEFAULT CHARSET=utf8mb4;

--
-- Dumping data for table `phone_tracker`
--

INSERT INTO `phone_tracker` (`phone_id`, `bluetooth_id`, `user_location`, `proximity_distance`) VALUES
(4000, 15000, 'Ahmedabad', 20),
(4001, 15001, 'Surat', 15),
(4002, 15002, 'Baroda', 19),
(4003, 15003, 'Sunne', 9),
(4004, 15004, 'Áno Kastrítsion', 32),
(4005, 15005, 'Miaotang', 29),
(4006, 15006, 'Puerto Varas', 7),
(4007, 15007, 'Jiangchi', 2),
(4008, 15008, 'Raofeng', 17),
(4009, 15009, 'Beixiang', 11),
(4010, 15010, 'Viljandi', 5),
(4011, 15011, 'Butuan', 37),
(4012, 15012, 'Juhaynah', 43),
(4013, 15013, 'Francisco J Mujica', 18),
(4014, 15014, 'Houston', 28),
(4015, 15015, 'Huai Yot', 33),
(4016, 15016, 'Buenavista', 33),
(4017, 15017, 'Miedzichowo', 23),
(4018, 15018, 'Kabanga', 2),
(4019, 15019, 'Évreux', 14),
(4020, 15020, 'Dukuhsawah', 28),
(4021, 15021, 'Jetis', 47),
(4022, 15022, 'Las Toscas', 18),
(4023, 15023, 'Velagići', 37),
(4024, 15024, 'Yajin', 1),
(4025, 15025, 'San Simon', 47),
(4026, 15026, 'Pumwani', 11),
(4027, 15027, 'Jinrui', 49),
(4028, 15028, 'Nam Som', 5),
(4029, 15029, 'Jintao', 29),
(4030, 15030, 'Tupanciretã', 27),
(4031, 15031, 'La Estancia', 29),
(4032, 15032, 'Chaumont', 34),
(4033, 15033, 'Kota Bharu', 49),
(4034, 15034, 'Fatuhilik', 46),
(4035, 15035, 'Šalovci', 41),
(4036, 15036, 'Nunchía', 25),
(4037, 15037, 'Salamanca', 13),
(4038, 15038, 'Kaduranca', 34),
(4039, 15039, 'Villa Mercedes', 37),
(4040, 15040, 'Jiuli', 29),
(4041, 15041, 'Créteil', 7),
(4042, 15042, 'Lopez Jaena', 16),
(4043, 15043, 'Dębowa Łąka', 5),
(4044, 15044, 'Currais Novos', 33),
(4045, 15045, 'Yulin', 28),
(4046, 15046, 'Gunungjulang', 19),
(4047, 15047, 'Tabatinga', 11),
(4048, 15048, 'Domaradz', 12),
(4049, 15049, 'Casal do Sapo', 18),
(4050, 15050, 'Krajan', 24),
(4051, 15051, 'Shahbā', 27),
(4052, 15052, 'Cibeureum', 4),
(4053, 15053, 'Ambarakaraka', 17),
(4054, 15054, 'Arroyo Salado', 34),
(4055, 15055, 'Santo Domingo', 16),
(4056, 15056, 'Ust’-Kachka', 39),
(4057, 15057, 'Göteborg', 26),
(4058, 15058, 'Qilong', 41),
(4059, 15059, 'Stockholm', 40),
(4060, 15060, 'Surat', 65);

-- --------------------------------------------------------

--
-- Table structure for table `running_data`
--

CREATE TABLE `running_data` (
  `runner_id` int(11) NOT NULL,
  `lap_time` time NOT NULL,
  `distance_covered` float NOT NULL,
  `dehydration_level` float NOT NULL,
  `running_calories_burnt` float NOT NULL
) ENGINE=InnoDB DEFAULT CHARSET=utf8mb4;

--
-- Dumping data for table `running_data`
--

INSERT INTO `running_data` (`runner_id`, `lap_time`, `distance_covered`, `dehydration_level`, `running_calories_burnt`) VALUES
(11000, '00:14:37', 200, 2, 5000),
(11001, '00:27:47', 500, 5, 9000),
(11002, '00:14:23', 1100, 11, 11000),
(11003, '00:12:02', 467, 11, 6334),
(11004, '00:08:02', 169, 10, 15724),
(11005, '00:06:02', 358, 3, 6962),
(11006, '00:14:08', 205, 14, 8145),
(11007, '00:23:09', 327, 1, 9961),
(11008, '00:26:13', 495, 11, 11942),
(11009, '09:46:17', 436, 12, 12391),
(11010, '00:27:02', 402, 9, 153),
(11011, '00:09:38', 382, 7, 17421),
(11012, '00:37:02', 218, 11, 19895),
(11013, '00:28:12', 226, 2, 14771),
(11014, '00:12:25', 369, 3, 19912),
(11015, '00:29:21', 299, 2, 17035),
(11016, '00:12:30', 203, 9, 3811),
(11017, '00:13:42', 333, 2, 17673),
(11018, '00:33:59', 141, 14, 7711),
(11019, '00:27:42', 368, 8, 5547),
(11020, '00:31:39', 162, 14, 12757),
(11021, '00:19:30', 359, 12, 8723),
(11022, '00:07:22', 29, 6, 778),
(11023, '00:35:38', 35, 1, 2190),
(11024, '00:21:37', 288, 12, 10106),
(11025, '00:39:54', 442, 10, 19264),
(11026, '00:36:23', 446, 13, 3805),
(11027, '00:32:27', 229, 5, 4370),
(11028, '00:15:23', 6, 5, 11101),
(11029, '00:12:38', 48, 3, 19629),
(11030, '00:29:15', 84, 8, 19954),
(11031, '00:13:28', 340, 6, 4966),
(11032, '00:44:02', 431, 11, 6308),
(11033, '00:51:39', 439, 9, 4626),
(11034, '00:30:39', 37, 13, 1538),
(11035, '00:42:37', 82, 8, 2929),
(11036, '00:46:12', 333, 11, 11115),
(11037, '00:24:35', 158, 4, 2704),
(11038, '00:43:20', 477, 0, 2306),
(11039, '00:35:59', 386, 8, 5021),
(11040, '00:36:55', 424, 5, 19072),
(11041, '00:56:59', 329, 0, 6777),
(11042, '00:50:02', 97, 3, 16512),
(11043, '00:45:32', 290, 1, 9161),
(11044, '00:55:01', 355, 6, 4767),
(11045, '09:54:24', 74, 0, 4031),
(11046, '00:48:28', 350, 7, 1150),
(11047, '00:38:31', 224, 6, 13966),
(11048, '00:33:45', 107, 10, 10191),
(11049, '00:42:30', 337, 7, 15457),
(11050, '00:28:56', 253, 2, 10383),
(11051, '00:32:18', 409, 5, 12209),
(11052, '00:34:35', 221, 8, 18588),
(11053, '00:36:22', 446, 2, 7506),
(11054, '00:46:15', 413, 10, 9168),
(11055, '00:51:47', 91, 0, 18762),
(11056, '00:08:13', 410, 5, 6359),
(11057, '00:12:42', 37, 9, 1548),
(11058, '00:40:48', 95, 3, 4041),
(11059, '00:13:41', 350, 2, 10291),
(11060, '00:06:35', 374, 11, 11020);

-- --------------------------------------------------------

--
-- Table structure for table `sleep_cycle`
--

CREATE TABLE `sleep_cycle` (
  `EEG` float NOT NULL,
  `min_sleep_hours` int(11) NOT NULL,
  `max_sleep_hours` int(11) NOT NULL,
  `wake_up_time` time NOT NULL
) ENGINE=InnoDB DEFAULT CHARSET=utf8mb4;

--
-- Dumping data for table `sleep_cycle`
--

INSERT INTO `sleep_cycle` (`EEG`, `min_sleep_hours`, `max_sleep_hours`, `wake_up_time`) VALUES
(7, 3, 12, '09:40:48'),
(7.1, 4, 9, '07:40:48'),
(7.2, 7, 11, '12:00:00'),
(7.3, 3, 7, '04:32:00'),
(7.4, 2, 10, '10:11:00'),
(7.5, 3, 7, '04:35:00'),
(7.6, 2, 8, '11:36:00'),
(7.7, 4, 6, '06:27:00'),
(7.8, 4, 10, '08:15:00'),
(7.9, 4, 6, '05:13:00'),
(8, 4, 6, '09:45:00'),
(8.1, 3, 7, '07:30:00'),
(8.2, 3, 8, '11:43:00'),
(8.3, 2, 6, '10:15:00'),
(8.4, 1, 7, '03:04:00'),
(8.5, 4, 6, '10:46:00'),
(8.6, 1, 10, '12:41:00'),
(8.7, 1, 10, '01:55:00'),
(8.8, 4, 9, '10:59:00'),
(8.9, 2, 8, '12:32:00'),
(9, 1, 9, '10:33:00'),
(9.1, 1, 6, '09:14:00'),
(9.2, 3, 10, '09:02:00'),
(9.3, 4, 12, '04:05:00'),
(9.4, 1, 6, '11:23:00'),
(9.5, 3, 11, '05:34:00'),
(9.6, 1, 11, '06:15:00'),
(9.7, 1, 8, '12:01:00'),
(9.8, 3, 10, '01:09:00'),
(9.9, 2, 8, '09:23:00'),
(10, 4, 6, '02:52:00'),
(10.1, 4, 12, '11:53:00'),
(10.2, 1, 9, '07:06:00'),
(10.3, 1, 8, '02:20:00'),
(10.4, 4, 9, '04:27:00'),
(10.5, 3, 12, '06:30:00'),
(10.6, 2, 11, '02:48:00'),
(10.7, 3, 8, '02:49:00'),
(10.8, 3, 11, '03:02:00'),
(10.9, 2, 9, '05:42:00'),
(11, 2, 6, '03:29:00'),
(11.1, 4, 12, '03:12:00'),
(11.2, 2, 6, '09:46:00'),
(11.3, 1, 6, '09:29:00'),
(11.4, 2, 9, '12:13:00'),
(11.5, 2, 11, '07:34:00'),
(11.6, 1, 7, '05:01:00'),
(11.7, 4, 12, '08:57:00'),
(11.8, 4, 8, '10:09:00'),
(11.9, 3, 5, '06:51:00'),
(12, 3, 11, '03:41:00'),
(12.1, 2, 12, '11:21:00'),
(12.2, 4, 5, '09:46:00'),
(12.3, 4, 8, '04:42:00'),
(12.4, 2, 8, '05:04:00'),
(12.5, 3, 12, '06:04:00'),
(12.6, 2, 5, '06:08:00'),
(12.7, 2, 12, '12:17:00'),
(12.8, 1, 6, '04:40:00'),
(12.9, 3, 10, '03:42:00'),
(13, 3, 4, '10:12:05');

-- --------------------------------------------------------

--
-- Table structure for table `smarthome_connectivity`
--

CREATE TABLE `smarthome_connectivity` (
  `home_id` int(11) NOT NULL,
  `bluetooth_id` int(11) NOT NULL,
  `smart_bulb` varchar(3) NOT NULL,
  `smart_refrigerator` varchar(3) NOT NULL,
  `smart_door_lock` varchar(3) NOT NULL,
  `smart_tv` varchar(3) NOT NULL,
  `smart_washing_machine` varchar(3) NOT NULL
) ENGINE=InnoDB DEFAULT CHARSET=utf8mb4;

--
-- Dumping data for table `smarthome_connectivity`
--

INSERT INTO `smarthome_connectivity` (`home_id`, `bluetooth_id`, `smart_bulb`, `smart_refrigerator`, `smart_door_lock`, `smart_tv`, `smart_washing_machine`) VALUES
(16000, 15000, 'yes', 'yes', 'no', 'no', 'yes'),
(16001, 15001, 'yes', 'no', 'no', 'yes', 'no'),
(16002, 15002, 'no', 'yes', 'yes', 'yes', 'yes'),
(16003, 15003, 'no', 'yes', 'yes', 'no', 'no'),
(16004, 15004, 'yes', 'no', 'no', 'no', 'no'),
(16005, 15005, 'yes', 'yes', 'yes', 'yes', 'yes'),
(16006, 15006, 'no', 'yes', 'no', 'yes', 'yes'),
(16007, 15007, 'yes', 'yes', 'no', 'yes', 'yes'),
(16008, 15008, 'yes', 'no', 'yes', 'no', 'no'),
(16009, 15009, 'yes', 'no', 'no', 'no', 'yes'),
(16010, 15010, 'yes', 'no', 'yes', 'no', 'no'),
(16011, 15011, 'no', 'yes', 'no', 'yes', 'no'),
(16012, 15012, 'yes', 'yes', 'no', 'yes', 'no'),
(16013, 15013, 'yes', 'yes', 'no', 'no', 'no'),
(16014, 15014, 'no', 'yes', 'yes', 'no', 'yes'),
(16015, 15015, 'yes', 'yes', 'yes', 'yes', 'no'),
(16016, 15016, 'no', 'no', 'no', 'yes', 'no'),
(16017, 15017, 'yes', 'no', 'yes', 'yes', 'no'),
(16018, 15018, 'no', 'no', 'no', 'yes', 'yes'),
(16019, 15019, 'no', 'no', 'no', 'no', 'yes'),
(16020, 15020, 'yes', 'yes', 'no', 'yes', 'no'),
(16021, 15021, 'yes', 'no', 'no', 'no', 'yes'),
(16022, 15022, 'yes', 'yes', 'no', 'no', 'yes'),
(16023, 15023, 'no', 'no', 'no', 'no', 'no'),
(16024, 15024, 'yes', 'yes', 'no', 'no', 'no'),
(16025, 15025, 'yes', 'no', 'no', 'yes', 'no'),
(16026, 15026, 'no', 'no', 'yes', 'no', 'no'),
(16027, 15027, 'no', 'no', 'no', 'no', 'yes'),
(16028, 15028, 'no', 'yes', 'no', 'no', 'yes'),
(16029, 15029, 'yes', 'yes', 'yes', 'no', 'yes'),
(16030, 15030, 'yes', 'no', 'yes', 'no', 'no'),
(16031, 15031, 'no', 'yes', 'yes', 'yes', 'no'),
(16032, 15032, 'yes', 'no', 'yes', 'yes', 'no'),
(16033, 15033, 'no', 'no', 'yes', 'yes', 'no'),
(16034, 15034, 'no', 'yes', 'yes', 'yes', 'yes'),
(16035, 15035, 'yes', 'yes', 'no', 'yes', 'yes'),
(16036, 15036, 'no', 'yes', 'yes', 'yes', 'yes'),
(16037, 15037, 'yes', 'no', 'no', 'no', 'yes'),
(16038, 15038, 'no', 'no', 'yes', 'no', 'yes'),
(16039, 15039, 'no', 'yes', 'yes', 'no', 'no'),
(16040, 15040, 'no', 'yes', 'yes', 'no', 'yes'),
(16041, 15041, 'yes', 'no', 'yes', 'no', 'yes'),
(16042, 15042, 'yes', 'yes', 'no', 'yes', 'no'),
(16043, 15043, 'yes', 'yes', 'yes', 'yes', 'no'),
(16044, 15044, 'no', 'no', 'no', 'no', 'no'),
(16045, 15045, 'yes', 'no', 'no', 'no', 'no'),
(16046, 15046, 'no', 'yes', 'no', 'yes', 'yes'),
(16047, 15047, 'no', 'no', 'no', 'yes', 'yes'),
(16048, 15048, 'no', 'no', 'yes', 'no', 'yes'),
(16049, 15049, 'yes', 'no', 'no', 'no', 'yes'),
(16050, 15050, 'yes', 'yes', 'yes', 'no', 'no'),
(16051, 15051, 'no', 'yes', 'no', 'yes', 'yes'),
(16052, 15052, 'yes', 'yes', 'no', 'no', 'no'),
(16053, 15053, 'no', 'no', 'no', 'no', 'yes'),
(16054, 15054, 'no', 'no', 'no', 'no', 'no'),
(16055, 15055, 'no', 'yes', 'yes', 'no', 'no'),
(16056, 15056, 'yes', 'no', 'yes', 'no', 'yes'),
(16057, 15057, 'yes', 'no', 'yes', 'yes', 'yes'),
(16058, 15058, 'no', 'no', 'yes', 'yes', 'yes'),
(16059, 15059, 'yes', 'yes', 'yes', 'no', 'yes'),
(16060, 15060, 'yes', 'no', 'no', 'no', 'yes');

-- --------------------------------------------------------

--
-- Table structure for table `sun_exposure`
--

CREATE TABLE `sun_exposure` (
  `medical_id` int(11) NOT NULL,
  `device_sun_exposure_time` int(11) NOT NULL,
  `client_sun_exposure_time` int(11) NOT NULL
) ENGINE=InnoDB DEFAULT CHARSET=utf8mb4;

--
-- Dumping data for table `sun_exposure`
--

INSERT INTO `sun_exposure` (`medical_id`, `device_sun_exposure_time`, `client_sun_exposure_time`) VALUES
(5000, 2, 3),
(5001, 3, 5),
(5002, 5, 11),
(5003, 6, 11),
(5004, 10, 4),
(5005, 6, 4),
(5006, 9, 11),
(5007, 4, 10),
(5008, 5, 6),
(5009, 6, 1),
(5010, 2, 3),
(5011, 3, 5),
(5012, 3, 4),
(5013, 10, 12),
(5014, 8, 12),
(5015, 12, 8),
(5016, 12, 2),
(5017, 10, 12),
(5018, 7, 11),
(5019, 12, 11),
(5020, 4, 10),
(5021, 11, 1),
(5022, 5, 7),
(5023, 1, 6),
(5024, 6, 11),
(5025, 9, 2),
(5026, 9, 6),
(5027, 1, 12),
(5028, 11, 5),
(5029, 8, 1),
(5030, 3, 10),
(5031, 12, 7),
(5032, 10, 8),
(5033, 8, 7),
(5034, 2, 12),
(5035, 11, 8),
(5036, 6, 8),
(5037, 8, 12),
(5038, 3, 10),
(5039, 12, 7),
(5040, 9, 12),
(5041, 5, 7),
(5042, 10, 4),
(5043, 3, 10),
(5044, 6, 5),
(5045, 7, 2),
(5046, 9, 11),
(5047, 8, 2),
(5048, 1, 3),
(5049, 11, 5),
(5050, 12, 6),
(5051, 11, 11),
(5052, 1, 8),
(5053, 12, 11),
(5054, 3, 10),
(5055, 5, 4),
(5056, 3, 2),
(5057, 1, 7),
(5058, 9, 8),
(5059, 9, 3),
(5060, 4, 3);

-- --------------------------------------------------------

--
-- Table structure for table `swimming_data`
--

CREATE TABLE `swimming_data` (
  `swimmer_id` int(11) NOT NULL,
  `course_length` float NOT NULL,
  `stroke_length` float NOT NULL,
  `stroke_velocity` float NOT NULL
) ENGINE=InnoDB DEFAULT CHARSET=utf8mb4;

--
-- Dumping data for table `swimming_data`
--

INSERT INTO `swimming_data` (`swimmer_id`, `course_length`, `stroke_length`, `stroke_velocity`) VALUES
(12000, 200, 2.36544, 0.93453),
(12001, 400, 3.9534, 0.543413),
(12002, 500, 4.7654, 0.24342),
(12003, 489, 0.172582, 0.775018),
(12004, 325, 4.01562, 0.645314),
(12005, 594, 3.16065, 0.594226),
(12006, 95, 4.14487, 0.538316),
(12007, 507, 3.22474, 0.02179),
(12008, 936, 4.65789, 0.042512),
(12009, 123, 1.60421, 0.416913),
(12010, 256, 0.39079, 0.324076),
(12011, 678, 2.56203, 0.196509),
(12012, 251, 3.70403, 0.54326),
(12013, 618, 2.09189, 0.396649),
(12014, 211, 1.80288, 0.877895),
(12015, 121, 2.85241, 0.662618),
(12016, 63, 4.00891, 0.519211),
(12017, 433, 0.755638, 0.055757),
(12018, 852, 0.520035, 0.620411),
(12019, 644, 0.411237, 0.613819),
(12020, 438, 4.67895, 0.813349),
(12021, 867, 0.343791, 0.35313),
(12022, 699, 1.63396, 0.184423),
(12023, 38, 2.70196, 0.482376),
(12024, 559, 3.16797, 0.141728),
(12025, 766, 4.17905, 0.128605),
(12026, 486, 1.98843, 0.036317),
(12027, 469, 3.19636, 0.990173),
(12028, 320, 4.56984, 0.349223),
(12029, 824, 1.18015, 0.143223),
(12030, 268, 0.316477, 0.342143),
(12031, 413, 1.12979, 0.873196),
(12032, 716, 2.01392, 0.92465),
(12033, 358, 2.73202, 0.996246),
(12034, 869, 3.87219, 0.733696),
(12035, 981, 3.17865, 0.811548),
(12036, 28, 4.57167, 0.681997),
(12037, 44, 4.6791, 0.700522),
(12038, 665, 4.21216, 0.131382),
(12039, 262, 1.59307, 0.595477),
(12040, 18, 1.57811, 0.014039),
(12041, 105, 0.229652, 0.197272),
(12042, 286, 2.284, 0.280221),
(12043, 364, 0.81637, 0.059114),
(12044, 331, 4.7763, 0.62447),
(12045, 26, 2.04932, 0.591571),
(12046, 878, 0.47853, 0.154363),
(12047, 497, 2.12226, 0.813074),
(12048, 819, 2.18955, 0.144505),
(12049, 811, 4.3231, 0.38966),
(12050, 383, 1.79937, 0.887814),
(12051, 592, 3.29966, 0.306955),
(12052, 736, 0.129398, 0.540971),
(12053, 304, 3.07245, 0.5197),
(12054, 444, 3.80917, 0.385998),
(12055, 599, 2.91894, 0.253426),
(12056, 807, 2.24418, 0.721183),
(12057, 842, 0.503098, 0.416883),
(12058, 755, 2.50694, 0.275826),
(12059, 640, 1.2093, 0.9447),
(12060, 547, 2.01376, 0.241676);

-- --------------------------------------------------------

--
-- Table structure for table `transaction_details`
--

CREATE TABLE `transaction_details` (
  `transaction_id` int(11) NOT NULL,
  `transaction_date` date NOT NULL,
  `transaction_merchant` varchar(20) NOT NULL,
  `transaction_time` time NOT NULL,
  `merchant_order_id` int(11) NOT NULL
) ENGINE=InnoDB DEFAULT CHARSET=utf8mb4;

--
-- Dumping data for table `transaction_details`
--

INSERT INTO `transaction_details` (`transaction_id`, `transaction_date`, `transaction_merchant`, `transaction_time`, `merchant_order_id`) VALUES
(8000, '2002-09-25', 'Hirva', '22:00:15', 17000),
(8001, '2009-11-26', 'vedant', '21:00:34', 17001),
(8002, '2011-06-19', 'hirva', '12:23:02', 17002),
(8003, '2012-01-27', 'Hugh', '09:10:49', 17003),
(8004, '2010-04-06', 'Edmund', '07:47:31', 17004),
(8005, '2018-12-12', 'Lief', '12:38:46', 17005),
(8006, '2013-03-29', 'Abra', '06:30:41', 17006),
(8007, '2015-06-04', 'Flinn', '09:19:47', 17007),
(8008, '2016-09-08', 'Judd', '01:15:02', 17008),
(8009, '2011-01-10', 'Carr', '07:16:25', 17009),
(8010, '2020-07-25', 'Leighton', '00:28:53', 17010),
(8011, '2012-07-12', 'Elora', '01:51:33', 17011),
(8012, '2021-09-01', 'Earle', '13:46:53', 17012),
(8013, '2018-03-23', 'Micheil', '04:35:46', 17013),
(8014, '2014-07-27', 'Marve', '00:14:05', 17014),
(8015, '2014-11-25', 'Chick', '17:34:40', 17015),
(8016, '2013-01-29', 'Dion', '07:48:06', 17016),
(8017, '2018-07-20', 'Cassy', '19:40:10', 17017),
(8018, '2014-03-10', 'Tybalt', '05:46:36', 17018),
(8019, '2016-07-14', 'Dyan', '03:46:59', 17019),
(8020, '2012-04-27', 'Darill', '09:54:21', 17020),
(8021, '2012-06-25', 'Reba', '22:44:23', 17021),
(8022, '2015-06-18', 'Roi', '02:15:58', 17022),
(8023, '2010-10-11', 'Hobart', '08:27:08', 17023),
(8024, '2012-08-24', 'Barret', '07:08:31', 17024),
(8025, '2015-09-27', 'Randolf', '08:43:54', 17025),
(8026, '2016-06-20', 'Basile', '00:15:31', 17026),
(8027, '2013-10-14', 'Melony', '20:05:55', 17027),
(8028, '2016-01-15', 'Norean', '14:54:11', 17028),
(8029, '2016-03-04', 'Joeann', '18:09:55', 17029),
(8030, '2010-09-03', 'Baldwin', '17:02:56', 17030),
(8031, '2012-11-25', 'Sashenka', '03:43:01', 17031),
(8032, '2019-10-18', 'Sherlocke', '14:49:34', 17032),
(8033, '2011-01-16', 'Yorgo', '04:57:29', 17033),
(8034, '2013-05-02', 'Cecilia', '13:02:00', 17034),
(8035, '2011-01-24', 'Fremont', '18:56:18', 17035),
(8036, '2016-08-20', 'Angeline', '03:29:44', 17036),
(8037, '2020-06-06', 'Carolyne', '14:33:31', 17037),
(8038, '2021-06-03', 'Cully', '20:22:41', 17038),
(8039, '2020-06-04', 'Amil', '15:52:29', 17039),
(8040, '2013-12-13', 'Jobyna', '05:08:13', 17040),
(8041, '2014-05-19', 'Anetta', '06:02:04', 17041),
(8042, '2021-06-07', 'Marcellus', '02:00:15', 17042),
(8043, '2014-04-28', 'Rozalie', '19:24:03', 17043),
(8044, '2017-07-21', 'Lion', '05:56:40', 17044),
(8045, '2020-08-24', 'Si', '13:32:03', 17045),
(8046, '2021-02-08', 'Kenton', '09:10:50', 17046),
(8047, '2011-06-13', 'Akim', '05:39:48', 17047),
(8048, '2014-05-25', 'Corette', '02:00:18', 17048),
(8049, '2013-10-12', 'Lacie', '22:37:20', 17049),
(8050, '2017-06-08', 'Hans', '13:14:55', 17050),
(8051, '2011-07-07', 'Kristine', '03:23:13', 17051),
(8052, '2013-05-03', 'Enrico', '08:08:06', 17052),
(8053, '2021-05-13', 'Kristofer', '12:44:23', 17053),
(8054, '2018-08-18', 'Ludovico', '04:59:09', 17054),
(8055, '2017-04-26', 'Nathalie', '18:37:18', 17055),
(8056, '2015-05-24', 'Hortense', '12:32:47', 17056),
(8057, '2012-04-15', 'Jerrylee', '17:32:21', 17057),
(8058, '2013-01-28', 'Berthe', '19:08:22', 17058),
(8059, '2018-05-28', 'Vick', '18:54:52', 17059),
(8060, '2020-06-17', 'Ved', '21:51:31', 17060);

-- --------------------------------------------------------

--
-- Table structure for table `user_data`
--

CREATE TABLE `user_data` (
  `user_id` int(11) NOT NULL,
  `user_name` varchar(20) NOT NULL,
  `user_email` varchar(30) NOT NULL,
  `fitness_id` int(11) NOT NULL,
  `user_contact` bigint(11) NOT NULL
) ENGINE=InnoDB DEFAULT CHARSET=utf8mb4;

--
-- Dumping data for table `user_data`
--

INSERT INTO `user_data` (`user_id`, `user_name`, `user_email`, `fitness_id`, `user_contact`) VALUES
(2000, 'rushabh', 'rushabhs2009@gmail.com', 14000, 1234560789),
(2001, 'neha', 'nehabadiani@gmail.com', 14001, 1345678421),
(2002, 'rajvi', 'rajvishah@gmail.com', 14002, 9876543783),
(2003, 'divij shah', 'cmountford0@irs.gov', 14003, 9874682910),
(2004, 'jchas', 'jchasney1@1688.com', 14004, 1000009318),
(2005, 'camme', 'ccammell2@csmonitor.com', 14005, 1000013201),
(2006, 'isis', 'lsiss3@wikipedia.org', 14006, 1000000857),
(2007, 'wros', 'wroscam4@unicef.org', 14007, 1000017817),
(2008, 'gdeco', 'gdecourcy5@trellian.com', 14008, 1000001482),
(2009, 'simon', 'ssimonelli6@networkadvertising', 14009, 1000028898),
(2010, 'mazin', 'mmazin7@discovery.com', 14010, 1000011007),
(2011, 'max', 'cmaxfield8@un.org', 14011, 1000021812),
(2012, 'somme', 'dsommerland9@reddit.com', 14012, 1000000438),
(2013, 'balesa', 'tbalesa@omniture.com', 14013, 1000028311),
(2014, 'wolve', 'woliveyb@npr.org', 14014, 1000025387),
(2015, 'bard', 'pfairbardc@cnet.com', 14015, 1000004468),
(2016, 'xhair', 'xhaird@nationalgeographic.com', 14016, 1000007107),
(2017, 'gullick', 'lgullicke@ucoz.com', 14017, 1000021298),
(2018, 'clew', 'dclewleyf@jugem.jp', 14018, 1000004048),
(2019, 'toby', 'ktobyg@baidu.com', 14019, 1000030858),
(2020, 'clay', 'kclaybornh@seattletimes.com', 14020, 1000020503),
(2021, 'denzi', 'sdenziloei@virginia.edu', 14021, 1000021841),
(2022, 'sleith', 'isleithj@people.com.cn', 14022, 1000025889),
(2023, 'crust', 'ccrustk@yellowpages.com', 14023, 1000016744),
(2024, 'robel', 'grobelowl@purevolume.com', 14024, 1000010638),
(2025, 'toolem', 'rclaypoolem@t-online.de', 14025, 1000029961),
(2026, 'macad', 'mmacadien@bloglines.com', 14026, 1000010964),
(2027, 'hechal', 'hechalliero@si.edu', 14027, 1000021178),
(2028, 'bhay', 'bhayllerp@dell.com', 14028, 1000001327),
(2029, 'casar', 'kcasariliq@taobao.com', 14029, 1000028543),
(2030, 'vaspuci', 'apex@1920.com', 14030, 5624238456),
(2031, 'limb', 'mlimbricks@imdb.com', 14031, 1000006695),
(2032, 'calter', 'pcalterat@parallels.com', 14032, 1000011981),
(2033, 'passey', 'fpasseyu@ihg.com', 14033, 1000018632),
(2034, 'meld', 'mmeldingv@wunderground.com', 14034, 1000026223),
(2035, 'sal', 'cticksallw@123-reg.co.uk', 14035, 1000016329),
(2036, 'besx', 'fmiebesx@twitter.com', 14036, 1000017148),
(2037, 'brohl', 'brohlfy@sciencedaily.com', 14037, 1000002051),
(2038, 'hatt', 'ghattonz@tuttocitta.it', 14038, 1000012438),
(2039, 'bibbel', 'ndibben10@arizona.edu', 14039, 1000029161),
(2040, 'bome', 'idomelaw11@miitbeian.gov.cn', 14040, 1000000566),
(2041, 'sherrard', 'jsherrard12@indiatimes.com', 14041, 1000000436),
(2042, 'zol', 'zoliverpaull13@nationalgeograp', 14042, 1000001271),
(2043, 'willam', 'bwillan14@wisc.edu', 14043, 1000017662),
(2044, 'egar', 'egarbar15@ifeng.com', 14044, 1000000333),
(2045, 'blum', 'dblumfield16@freewebs.com', 14045, 1000019554),
(2046, 'furlow', 'efurlow17@bing.com', 14046, 1000007203),
(2047, 'lamm', 'mcalam18@telegraph.co.uk', 14047, 1000025576),
(2048, 'ebaud', 'ebaudouin19@smugmug.com', 14048, 1000025363),
(2049, 'swend', 'swenden1a@flavors.me', 14049, 1000015218),
(2050, 'silver', 'rsilverson1b@hhs.gov', 14050, 1000030264),
(2051, 'carlin', 'bcarlin1c@globo.com', 14051, 1000003176),
(2052, 'ineil', 'lneillans1d@mac.com', 14052, 1000001864),
(2053, 'pluxm', 'pluxmoore1e@jigsy.com', 14053, 1000031813),
(2054, 'smoff', 'smoff1f@taobao.com', 14054, 1000006386),
(2055, 'millam', 'mmcmillam1g@wordpress.com', 14055, 1000005091),
(2056, 'staves', 'mstaves1h@linkedin.com', 14056, 1000023235),
(2057, 'roscam', 'froscam1i@accuweather.com', 14057, 1000012689),
(2058, 'penneti', 'apennetti1j@google.es', 14058, 1000031986),
(2059, 'piche', 'tpiche1k@utexas.edu', 14059, 1000028759),
(2060, 'michal', 'dpocknollr@parallels.com', 14060, 1256126846);

-- --------------------------------------------------------

--
-- Table structure for table `user_location`
--

CREATE TABLE `user_location` (
  `user_ip` varchar(20) NOT NULL,
  `user_pincode` int(11) NOT NULL,
  `language` varchar(20) NOT NULL,
  `weather` varchar(20) NOT NULL,
  `air_density` float NOT NULL
) ENGINE=InnoDB DEFAULT CHARSET=utf8mb4;

--
-- Dumping data for table `user_location`
--

INSERT INTO `user_location` (`user_ip`, `user_pincode`, `language`, `weather`, `air_density`) VALUES
('100.000.00.00', 673264, 'Guaraní', 'windy', 58),
('100.000.00.01', 673264, 'Fijian', 'windy', 49),
('100.000.00.02', 346211, 'Albanian', 'windy', 78),
('100.000.00.03', 673264, 'Armenian', 'windy', 100),
('100.000.00.04', 5942554, 'Greek', 'sunny', 97),
('100.000.00.05', 32304, 'Lithuanian', 'windy', 61),
('100.000.00.06', 456880, 'Amharic', 'sunny', 43),
('100.000.00.07', 673264, 'Romanian', 'sunny', 61),
('100.000.00.08', 658089, 'Kyrgyz', 'sunny', 32),
('100.000.00.09', 8427, 'Somali', 'sunny', 7),
('100.000.00.10', 673264, 'Hindi', 'sunny', 95),
('100.000.00.11', 673264, 'Tok Pisin', 'windy', 91),
('100.000.00.12', 673264, 'Italian', 'sunny', 72),
('100.000.00.13', 725696, 'Czech', 'windy', 57),
('100.000.00.14', 1535, 'Greek', 'sunny', 95),
('100.000.00.15', 673264, 'English', 'sunny', 77),
('100.000.00.16', 673264, 'Romanian', 'windy', 12),
('100.000.00.17', 673264, 'Kashmiri', 'windy', 12),
('100.000.00.18', 5114, 'Ndebele', 'windy', 34),
('100.000.00.19', 11855, 'Dzongkha', 'sunny', 9),
('100.000.00.20', 162550, 'Bislama', 'sunny', 64),
('100.000.00.21', 88780, 'Tetum', 'windy', 58),
('100.000.00.22', 5109, 'Mongolian', 'sunny', 78),
('100.000.00.23', 62193, 'Kazakh', 'windy', 27),
('100.000.00.24', 673264, 'Croatian', 'windy', 56),
('100.000.00.25', 673264, 'Lao', 'sunny', 8),
('100.000.00.26', 941828, 'Bulgarian', 'windy', 59),
('100.000.00.27', 673264, 'Montenegrin', 'sunny', 50),
('100.000.00.28', 352265, 'Chinese', 'windy', 91),
('100.000.00.29', 673264, 'Filipino', 'windy', 80),
('100.000.00.30', 9255, 'Danish', 'windy', 35),
('100.000.00.31', 11302, 'Icelandic', 'sunny', 21),
('100.000.00.32', 673264, 'Dhivehi', 'windy', 56),
('100.000.00.33', 347743, 'New Zealand Sign Lan', 'sunny', 100),
('100.000.00.34', 673264, 'Gagauz', 'sunny', 94),
('100.000.00.35', 30505, 'Tajik', 'windy', 7),
('100.000.00.36', 673264, 'Telugu', 'sunny', 89),
('100.000.00.37', 47330, 'Tetum', 'windy', 33),
('100.000.00.38', 705079, 'Telugu', 'windy', 23),
('100.000.00.39', 673264, 'Hebrew', 'windy', 10),
('100.000.00.40', 673264, 'Oriya', 'windy', 23),
('100.000.00.41', 563234, 'Moldovan', 'windy', 9),
('100.000.00.42', 673264, 'Nepali', 'sunny', 51),
('100.000.00.43', 266091, 'Japanese', 'windy', 100),
('100.000.00.44', 673264, 'Quechua', 'windy', 38),
('100.000.00.45', 673264, 'Lao', 'sunny', 84),
('100.000.00.46', 5460, 'Moldovan', 'sunny', 68),
('100.000.00.47', 673264, 'Italian', 'windy', 2),
('100.000.00.48', 673264, 'Guaraní', 'sunny', 33),
('100.000.00.49', 652900, 'Portuguese', 'windy', 31),
('100.000.00.50', 242522, 'Belarusian', 'sunny', 72),
('100.000.00.51', 673264, 'Finnish', 'windy', 83),
('100.000.00.52', 673264, 'New Zealand Sign Lan', 'sunny', 63),
('100.000.00.53', 673264, 'Swati', 'windy', 86),
('100.000.00.54', 235334, 'Fijian', 'windy', 21),
('100.000.00.55', 45930, 'Lao', 'sunny', 75),
('100.000.00.56', 673264, 'Tajik', 'windy', 19),
('100.000.00.57', 673264, 'Guaraní', 'windy', 58),
('100.000.00.58', 465561, 'English', 'sunny', 35),
('100.000.00.59', 426361, 'English', 'sunny', 24),
('100.000.00.60', 646457, 'English', 'windy', 97);

-- --------------------------------------------------------

--
-- Table structure for table `vitamins`
--

CREATE TABLE `vitamins` (
  `fitness_id` int(11) NOT NULL,
  `vitamin_level` float NOT NULL,
  `vitamin_deficiency` float NOT NULL,
  `uv_rays` float NOT NULL,
  `muscle_mass_gain` float NOT NULL
) ENGINE=InnoDB DEFAULT CHARSET=utf8mb4;

--
-- Dumping data for table `vitamins`
--

INSERT INTO `vitamins` (`fitness_id`, `vitamin_level`, `vitamin_deficiency`, `uv_rays`, `muscle_mass_gain`) VALUES
(14000, 78.63, 2.45, 33.47, 20.5),
(14001, 89.43, 7.58, 65.42, 30.9),
(14002, 45.34, 11.54, 12.84, 10.5),
(14003, 59.1, 14.02, 3.09, 44.99),
(14004, 99.52, 4.48, 2.98, 9.5),
(14005, 12.64, 9.88, 0.06, 28.57),
(14006, 25.88, 2.37, 5.09, 22.1),
(14007, 69.3, 0.86, 6.19, 19.57),
(14008, 0.19, 21.24, 6.49, 4.81),
(14009, 15.59, 19.5349, 5.37645, 30.73),
(14010, 81.64, 1.07, 1.37, 10.91),
(14011, 20.38, 1.64, 6.96, 25.37),
(14012, 95.88, 15.11, 7.04, 39.6),
(14013, 58.79, 3.12, 5.41, 14.74),
(14014, 74.5, 11.99, 2.34, 48.88),
(14015, 13.19, 4.69, 1.27, 37.08),
(14016, 92.37, 23.88, 7.24, 43.9),
(14017, 54.95, 1.57, 6.35, 25.96),
(14018, 51.63, 17.96, 9.29, 43.91),
(14019, 71.14, 21.05, 9.83, 2.71),
(14020, 72.57, 17.28, 5.93, 25.59),
(14021, 52.88, 14.3, 1.69, 27.84),
(14022, 48.53, 17.68, 4.95, 17.74),
(14023, 69.11, 10.11, 0.94, 28.54),
(14024, 17.7, 19.12, 9.74, 15.61),
(14025, 74.31, 24.32, 5.17, 36.71),
(14026, 10.67, 14.54, 2.89, 21.53),
(14027, 2.35, 18.69, 1.63, 33.57),
(14028, 63.12, 1.65, 1.78, 34.72),
(14029, 45.4, 23.69, 3.61, 6.59),
(14030, 48.24, 19.38, 5.13, 37.89),
(14031, 67.36, 10.77, 6.54, 40.86),
(14032, 98.09, 1.18, 0.83, 42.84),
(14033, 19.88, 23.08, 1.9, 43.79),
(14034, 58.27, 22.5, 3.71, 42.71),
(14035, 76.5, 2.72, 9.51, 47.91),
(14036, 68.77, 16.78, 9.4, 6.81),
(14037, 40.69, 16.42, 7.29, 6.05),
(14038, 98.49, 3.54, 7.35, 25.31),
(14039, 78.32, 6.39, 7.38, 43.12),
(14040, 94.06, 16.28, 4.19, 47.55),
(14041, 36.87, 9.29, 5.21, 15.75),
(14042, 47.3, 7.97, 9.13, 40.37),
(14043, 5.37, 19.93, 0.84, 10.7),
(14044, 53.35, 11.23, 7.35, 2.53),
(14045, 2.83, 7.07, 3.71, 42.01),
(14046, 34.33, 10.96, 5.89, 39.96),
(14047, 21.47, 18.62, 1.9, 41.2),
(14048, 55.86, 0.06, 1.97, 14.6),
(14049, 56.57, 21.58, 8.9, 31.35),
(14050, 75.75, 21.35, 5.67, 9.3),
(14051, 90.26, 10.66, 2.65, 39.63),
(14052, 50.72, 16.25, 0.25, 32.86),
(14053, 23.99, 17.2, 8.31, 41.53),
(14054, 99.01, 20.28, 3.75, 4.41),
(14055, 36.86, 10.1, 5.17, 48.72),
(14056, 87.2, 5.56, 7.77, 36.89),
(14057, 45.98, 5, 4.65, 8.29),
(14058, 91.03, 14.46, 3.46, 15.4),
(14059, 24.69, 16.95, 7.11, 29.15),
(14060, 84.7, 19.16, 2.34, 19.85);

-- --------------------------------------------------------

--
-- Table structure for table `watch_charging`
--

CREATE TABLE `watch_charging` (
  `device_id` int(11) NOT NULL,
  `rate_of_charging` int(11) NOT NULL,
  `charging_capacity` int(11) NOT NULL
) ENGINE=InnoDB DEFAULT CHARSET=utf8mb4;

--
-- Dumping data for table `watch_charging`
--

INSERT INTO `watch_charging` (`device_id`, `rate_of_charging`, `charging_capacity`) VALUES
(3000, 25, 57),
(3001, 58, 90),
(3002, 89, 99),
(3003, 59, 92),
(3004, 3, 28),
(3005, 48, 74),
(3006, 28, 72),
(3007, 4, 91),
(3008, 52, 49),
(3009, 11, 60),
(3010, 14, 68),
(3011, 0, 21),
(3012, 57, 31),
(3013, 58, 28),
(3014, 64, 29),
(3015, 38, 70),
(3016, 26, 75),
(3017, 73, 5),
(3018, 24, 81),
(3019, 67, 87),
(3020, 58, 45),
(3021, 56, 9),
(3022, 35, 47),
(3023, 8, 62),
(3024, 73, 51),
(3025, 40, 71),
(3026, 17, 13),
(3027, 38, 88),
(3028, 30, 58),
(3029, 74, 35),
(3030, 52, 21),
(3031, 44, 55),
(3032, 66, 63),
(3033, 41, 25),
(3034, 59, 95),
(3035, 71, 9),
(3036, 13, 48),
(3037, 0, 12),
(3038, 39, 96),
(3039, 49, 23),
(3040, 57, 56),
(3041, 68, 88),
(3042, 47, 6),
(3043, 40, 13),
(3044, 57, 97),
(3045, 2, 73),
(3046, 53, 63),
(3047, 22, 51),
(3048, 26, 44),
(3049, 59, 55),
(3050, 39, 21),
(3051, 16, 98),
(3052, 38, 2),
(3053, 54, 94),
(3054, 56, 48),
(3055, 94, 65),
(3056, 48, 75),
(3057, 12, 13),
(3058, 52, 55),
(3059, 51, 64),
(3060, 23, 78);

-- --------------------------------------------------------

--
-- Table structure for table `workout_data`
--

CREATE TABLE `workout_data` (
  `workout_id` int(11) NOT NULL,
  `muscle_flexibility` float NOT NULL,
  `weight_lifted` float NOT NULL,
  `total_reps` int(11) NOT NULL,
  `runner_id` int(11) NOT NULL,
  `swimmer_id` int(11) NOT NULL
) ENGINE=InnoDB DEFAULT CHARSET=utf8mb4;

--
-- Dumping data for table `workout_data`
--

INSERT INTO `workout_data` (`workout_id`, `muscle_flexibility`, `weight_lifted`, `total_reps`, `runner_id`, `swimmer_id`) VALUES
(13000, 24.4, 8, 3, 11000, 12000),
(13001, 33.7, 5, 5, 11001, 12001),
(13002, 40.6, 11, 12, 11002, 12002),
(13003, 88.4, 8, 13, 11003, 12003),
(13004, 54, 12, 1, 11004, 12004),
(13005, 31.1, 2, 9, 11005, 12005),
(13006, 71.1, 7, 2, 11006, 12006),
(13007, 44.5, 18, 14, 11007, 12007),
(13008, 71.3, 18, 1, 11008, 12008),
(13009, 20.5, 1, 1, 11009, 12009),
(13010, 93, 11, 11, 11010, 12010),
(13011, 56.4, 12, 12, 11011, 12011),
(13012, 44.5, 13, 7, 11012, 12012),
(13013, 88.1, 7, 3, 11013, 12013),
(13014, 94, 2, 4, 11014, 12014),
(13015, 35.2, 17, 14, 11015, 12015),
(13016, 71.1, 1, 7, 11016, 12016),
(13017, 59.9, 13, 8, 11017, 12017),
(13018, 81.9, 17, 3, 11018, 12018),
(13019, 37.3, 18, 1, 11019, 12019),
(13020, 35.1, 16, 8, 11020, 12020),
(13021, 38.6, 17, 2, 11021, 12021),
(13022, 82.2, 13, 6, 11022, 12022),
(13023, 27, 6, 12, 11023, 12023),
(13024, 68.9, 3, 11, 11024, 12024),
(13025, 65.9, 3, 4, 11025, 12025),
(13026, 11.2, 11, 5, 11026, 12026),
(13027, 39.4, 12, 14, 11027, 12027),
(13028, 16.1, 18, 3, 11028, 12028),
(13029, 85.6, 6, 1, 11029, 12029),
(13030, 83.1, 5, 4, 11030, 12030),
(13031, 42.4, 5, 4, 11031, 12031),
(13032, 94, 19, 8, 11032, 12032),
(13033, 5.6, 10, 12, 11033, 12033),
(13034, 83.7, 18, 13, 11034, 12034),
(13035, 99.5, 17, 5, 11035, 12035),
(13036, 55.8, 2, 7, 11036, 12036),
(13037, 60.4, 7, 10, 11037, 12037),
(13038, 21.8, 5, 11, 11038, 12038),
(13039, 32.1, 17, 14, 11039, 12039),
(13040, 53.6, 17, 5, 11040, 12040),
(13041, 74.1, 8, 10, 11041, 12041),
(13042, 47.2, 14, 14, 11042, 12042),
(13043, 82.3, 7, 9, 11043, 12043),
(13044, 48.8, 1, 3, 11044, 12044),
(13045, 22.2, 16, 3, 11045, 12045),
(13046, 19.8, 14, 10, 11046, 12046),
(13047, 74.9, 11, 10, 11047, 12047),
(13048, 33.2, 19, 13, 11048, 12048),
(13049, 94.8, 13, 14, 11049, 12049),
(13050, 83.1, 18, 1, 11050, 12050),
(13051, 80.6, 11, 9, 11051, 12051),
(13052, 74.7, 15, 8, 11052, 12052),
(13053, 58.5, 8, 9, 11053, 12053),
(13054, 5, 8, 9, 11054, 12054),
(13055, 77.8, 6, 3, 11055, 12055),
(13056, 96.5, 15, 5, 11056, 12056),
(13057, 19.3, 10, 6, 11057, 12057),
(13058, 61.9, 7, 13, 11058, 12058),
(13059, 15.6, 16, 10, 11059, 12059),
(13060, 81.2, 7, 7, 11060, 12060);

--
-- Indexes for dumped tables
--

--
-- Indexes for table `access_data`
--
ALTER TABLE `access_data`
  ADD PRIMARY KEY (`user_email`),
  ADD UNIQUE KEY `user_email` (`user_email`);

--
-- Indexes for table `biometric_data`
--
ALTER TABLE `biometric_data`
  ADD PRIMARY KEY (`security_id`),
  ADD UNIQUE KEY `security_id` (`security_id`);

--
-- Indexes for table `bmi_data`
--
ALTER TABLE `bmi_data`
  ADD PRIMARY KEY (`BMI_id`),
  ADD UNIQUE KEY `BMI_id` (`BMI_id`);

--
-- Indexes for table `bp_sugar_level`
--
ALTER TABLE `bp_sugar_level`
  ADD PRIMARY KEY (`medical_id`),
  ADD UNIQUE KEY `medical_id` (`medical_id`);

--
-- Indexes for table `date_time`
--
ALTER TABLE `date_time`
  ADD PRIMARY KEY (`locale_id`),
  ADD UNIQUE KEY `locale_id` (`locale_id`);

--
-- Indexes for table `fitness_data`
--
ALTER TABLE `fitness_data`
  ADD PRIMARY KEY (`fitness_id`),
  ADD UNIQUE KEY `fitness_id` (`fitness_id`,`workout_id`),
  ADD KEY `workout_id` (`workout_id`);

--
-- Indexes for table `gps`
--
ALTER TABLE `gps`
  ADD PRIMARY KEY (`location_id`),
  ADD UNIQUE KEY `location_id` (`location_id`);

--
-- Indexes for table `heart_health`
--
ALTER TABLE `heart_health`
  ADD PRIMARY KEY (`ECG`),
  ADD UNIQUE KEY `ECG` (`ECG`);

--
-- Indexes for table `ids`
--
ALTER TABLE `ids`
  ADD PRIMARY KEY (`main_id`),
  ADD UNIQUE KEY `main_id` (`main_id`,`user_id`,`device_id`,`phone_id`,`medical_id`,`location_id`,`security_id`,`transaction_id`),
  ADD KEY `user_id` (`user_id`),
  ADD KEY `device_id` (`device_id`),
  ADD KEY `phone_id` (`phone_id`),
  ADD KEY `medical_id` (`medical_id`),
  ADD KEY `location_id` (`location_id`),
  ADD KEY `security_id` (`security_id`),
  ADD KEY `transaction_id` (`transaction_id`);

--
-- Indexes for table `location`
--
ALTER TABLE `location`
  ADD PRIMARY KEY (`device_ip`),
  ADD UNIQUE KEY `device_ip` (`device_ip`),
  ADD KEY `location_id` (`location_id`),
  ADD KEY `user_ip` (`user_ip`),
  ADD KEY `locale_id` (`locale_id`);

--
-- Indexes for table `medical_data`
--
ALTER TABLE `medical_data`
  ADD PRIMARY KEY (`medical_id`),
  ADD UNIQUE KEY `medical_id` (`medical_id`),
  ADD KEY `EEG` (`EEG`),
  ADD KEY `ECG` (`ECG`),
  ADD KEY `BMI_id` (`BMI_id`);

--
-- Indexes for table `merchant_details`
--
ALTER TABLE `merchant_details`
  ADD PRIMARY KEY (`merchant_order_id`),
  ADD UNIQUE KEY `merchant_order_id` (`merchant_order_id`);

--
-- Indexes for table `music`
--
ALTER TABLE `music`
  ADD PRIMARY KEY (`bluetooth_id`),
  ADD UNIQUE KEY `bluetooth_id` (`bluetooth_id`);

--
-- Indexes for table `phone_tracker`
--
ALTER TABLE `phone_tracker`
  ADD PRIMARY KEY (`phone_id`),
  ADD UNIQUE KEY `phone_id` (`phone_id`,`bluetooth_id`),
  ADD KEY `bluetooth_id` (`bluetooth_id`);

--
-- Indexes for table `running_data`
--
ALTER TABLE `running_data`
  ADD PRIMARY KEY (`runner_id`),
  ADD UNIQUE KEY `runner_id` (`runner_id`);

--
-- Indexes for table `sleep_cycle`
--
ALTER TABLE `sleep_cycle`
  ADD PRIMARY KEY (`EEG`),
  ADD UNIQUE KEY `EEG` (`EEG`);

--
-- Indexes for table `smarthome_connectivity`
--
ALTER TABLE `smarthome_connectivity`
  ADD PRIMARY KEY (`home_id`),
  ADD UNIQUE KEY `home_id` (`home_id`,`bluetooth_id`),
  ADD KEY `bluetooth_id` (`bluetooth_id`);

--
-- Indexes for table `sun_exposure`
--
ALTER TABLE `sun_exposure`
  ADD PRIMARY KEY (`medical_id`),
  ADD UNIQUE KEY `medical_id` (`medical_id`);

--
-- Indexes for table `swimming_data`
--
ALTER TABLE `swimming_data`
  ADD PRIMARY KEY (`swimmer_id`),
  ADD UNIQUE KEY `swimmer_id` (`swimmer_id`);

--
-- Indexes for table `transaction_details`
--
ALTER TABLE `transaction_details`
  ADD PRIMARY KEY (`transaction_id`),
  ADD UNIQUE KEY `transaction_id` (`transaction_id`,`merchant_order_id`),
  ADD KEY `merchant_order_id` (`merchant_order_id`);

--
-- Indexes for table `user_data`
--
ALTER TABLE `user_data`
  ADD PRIMARY KEY (`user_id`),
  ADD UNIQUE KEY `user_id` (`user_id`,`user_email`,`fitness_id`),
  ADD KEY `user_email` (`user_email`),
  ADD KEY `fitness_id` (`fitness_id`);

--
-- Indexes for table `user_location`
--
ALTER TABLE `user_location`
  ADD PRIMARY KEY (`user_ip`),
  ADD UNIQUE KEY `user_ip` (`user_ip`);

--
-- Indexes for table `vitamins`
--
ALTER TABLE `vitamins`
  ADD PRIMARY KEY (`fitness_id`),
  ADD UNIQUE KEY `fitness_id` (`fitness_id`);

--
-- Indexes for table `watch_charging`
--
ALTER TABLE `watch_charging`
  ADD PRIMARY KEY (`device_id`),
  ADD UNIQUE KEY `device_id` (`device_id`);

--
-- Indexes for table `workout_data`
--
ALTER TABLE `workout_data`
  ADD PRIMARY KEY (`workout_id`),
  ADD UNIQUE KEY `workout_id` (`workout_id`,`runner_id`,`swimmer_id`),
  ADD KEY `runner_id` (`runner_id`),
  ADD KEY `swimmer_id` (`swimmer_id`);

--
-- Constraints for dumped tables
--

--
-- Constraints for table `bp_sugar_level`
--
ALTER TABLE `bp_sugar_level`
  ADD CONSTRAINT `bp_sugar_level_ibfk_1` FOREIGN KEY (`medical_id`) REFERENCES `medical_data` (`medical_id`);

--
-- Constraints for table `fitness_data`
--
ALTER TABLE `fitness_data`
  ADD CONSTRAINT `fitness_data_ibfk_1` FOREIGN KEY (`workout_id`) REFERENCES `workout_data` (`workout_id`);

--
-- Constraints for table `ids`
--
ALTER TABLE `ids`
  ADD CONSTRAINT `ids_ibfk_1` FOREIGN KEY (`user_id`) REFERENCES `user_data` (`user_id`),
  ADD CONSTRAINT `ids_ibfk_2` FOREIGN KEY (`device_id`) REFERENCES `watch_charging` (`device_id`),
  ADD CONSTRAINT `ids_ibfk_3` FOREIGN KEY (`phone_id`) REFERENCES `phone_tracker` (`phone_id`),
  ADD CONSTRAINT `ids_ibfk_4` FOREIGN KEY (`medical_id`) REFERENCES `bp_sugar_level` (`medical_id`),
  ADD CONSTRAINT `ids_ibfk_5` FOREIGN KEY (`location_id`) REFERENCES `gps` (`location_id`),
  ADD CONSTRAINT `ids_ibfk_6` FOREIGN KEY (`security_id`) REFERENCES `biometric_data` (`security_id`),
  ADD CONSTRAINT `ids_ibfk_7` FOREIGN KEY (`transaction_id`) REFERENCES `transaction_details` (`transaction_id`);

--
-- Constraints for table `location`
--
ALTER TABLE `location`
  ADD CONSTRAINT `location_ibfk_1` FOREIGN KEY (`location_id`) REFERENCES `gps` (`location_id`),
  ADD CONSTRAINT `location_ibfk_2` FOREIGN KEY (`user_ip`) REFERENCES `user_location` (`user_ip`),
  ADD CONSTRAINT `location_ibfk_3` FOREIGN KEY (`locale_id`) REFERENCES `date_time` (`locale_id`);

--
-- Constraints for table `medical_data`
--
ALTER TABLE `medical_data`
  ADD CONSTRAINT `medical_data_ibfk_2` FOREIGN KEY (`EEG`) REFERENCES `sleep_cycle` (`EEG`),
  ADD CONSTRAINT `medical_data_ibfk_3` FOREIGN KEY (`ECG`) REFERENCES `heart_health` (`ECG`),
  ADD CONSTRAINT `medical_data_ibfk_4` FOREIGN KEY (`BMI_id`) REFERENCES `bmi_data` (`BMI_id`),
  ADD CONSTRAINT `medical_data_ibfk_5` FOREIGN KEY (`medical_id`) REFERENCES `sun_exposure` (`medical_id`);

--
-- Constraints for table `phone_tracker`
--
ALTER TABLE `phone_tracker`
  ADD CONSTRAINT `phone_tracker_ibfk_1` FOREIGN KEY (`bluetooth_id`) REFERENCES `music` (`bluetooth_id`);

--
-- Constraints for table `smarthome_connectivity`
--
ALTER TABLE `smarthome_connectivity`
  ADD CONSTRAINT `smarthome_connectivity_ibfk_1` FOREIGN KEY (`bluetooth_id`) REFERENCES `music` (`bluetooth_id`);

--
-- Constraints for table `transaction_details`
--
ALTER TABLE `transaction_details`
  ADD CONSTRAINT `transaction_details_ibfk_1` FOREIGN KEY (`merchant_order_id`) REFERENCES `merchant_details` (`merchant_order_id`);

--
-- Constraints for table `user_data`
--
ALTER TABLE `user_data`
  ADD CONSTRAINT `user_data_ibfk_1` FOREIGN KEY (`user_email`) REFERENCES `access_data` (`user_email`),
  ADD CONSTRAINT `user_data_ibfk_2` FOREIGN KEY (`fitness_id`) REFERENCES `fitness_data` (`fitness_id`);

--
-- Constraints for table `vitamins`
--
ALTER TABLE `vitamins`
  ADD CONSTRAINT `vitamins_ibfk_1` FOREIGN KEY (`fitness_id`) REFERENCES `fitness_data` (`fitness_id`);

--
-- Constraints for table `workout_data`
--
ALTER TABLE `workout_data`
  ADD CONSTRAINT `workout_data_ibfk_1` FOREIGN KEY (`runner_id`) REFERENCES `running_data` (`runner_id`),
  ADD CONSTRAINT `workout_data_ibfk_2` FOREIGN KEY (`swimmer_id`) REFERENCES `swimming_data` (`swimmer_id`);
COMMIT;

/*!40101 SET CHARACTER_SET_CLIENT=@OLD_CHARACTER_SET_CLIENT */;
/*!40101 SET CHARACTER_SET_RESULTS=@OLD_CHARACTER_SET_RESULTS */;
/*!40101 SET COLLATION_CONNECTION=@OLD_COLLATION_CONNECTION */;
